id,name,config,z_sigma_um,xy_step_um,xy_blur_um,fov_mm,depth_mm,measures_z,edge_loss_um,max_slope_deg,time_min,cost_krw,access,surface_dep,in_situ,safety,learn_weeks,sources,mode,cal_class,probe
M24,비전 측정기(VMM 영상측정기) 2D + Z 초점,"학내 공동기기 Mitutoyo QV-APEX 302 PRO 급, QV-HR2.5X 대물 + 튜브 1X(시야 2.5×1.88 mm), 윗면 윤곽 영상 에지 측정 + 이미지 자동초점으로 Z 점 측정, 대표 세트 약 60요소",2.0,4,3,2.5,200,1,20,30,60,60000,lab,3,0,없음,2,https://www2.mitutoyo.co.jp/eng/products/gazoukogaku/pdf/E4317.pdf;https://www.mitutoyo.com/webfoo/wp-content/uploads/M_section.pdf,point_probe,calibrated,optical
M25,다중 센서 CMM(광학 + 접촉),"ZEISS O-INSPECT 322 급(VAST XXT 접촉 스캐닝 프로브 Ø0.3 mm 볼 + Discovery.V12 영상 센서) 의뢰, 국내 의뢰처 예: 금형기술센터 Hexagon Optiv Reference, 대표 세트 40요소",1.0,1000,150,200,200,1,150,90,90,250000,outsource,2,0,없음,1,https://www.optipro.com/wp-content/uploads/EN_TechnischeDaten_O-INSPECT_11_2019.pdf;https://mold.kitech.re.kr/tech/tech8.php;https://datasheets.globalspec.com/ds/carl-zeiss-jena/o-inspect-322/f81d7d09-5c87-44df-9f4e-38529e82a53e,point_probe,calibrated,contact
M26,윤곽 형상 측정기(Contracer),"학내 Mitutoyo Contracer CV-2100M4, 표준 촉침 SPH-71(한쪽 깎음 20°, 팁 반경 25 µm), 측정력 30 mN, 0.5 mm/s, 40 mm 단면 10줄",1.3,1,25,100,50,1,60,77,40,50000,lab,1,0,없음,1,https://www2.mitutoyo.co.jp/eng/support/service/catalog/03/E15020.pdf;https://discover.mitutoyo.eu/hubfs/PRE%201576%20-%20Contracer%20CV-2100%20Series_WEB.pdf?hsLang=en,line_profiler,calibrated,contact
M27,관절형 CMM 암 + 레이저 라인 프로브,"FARO Quantum Max ScanArm 2.0 m + PRIZM 레이저 라인 프로브 의뢰, 윗면 전체 레이저 스캔 2~3회 겹쳐 쓸기",18,40,60,80,115,1,100,60,30,300000,outsource,3,0,"Class 2 레이저, 허가 불필요",1,https://farotechnologies.mcoutput.com/quantum-max/Content/FaroArms/Product_Specifications.htm;https://media.faro.com/-/media/Project/FARO/FARO/FARO/Resources/1_BROCHURE/2023/Scan-Arms/2794_TechSheet_FAROBlu_xE_LT_ENG.pdf?rev=6A5F9C74F06647E4AA2774E980334152;https://mold.kitech.re.kr/tech/tech8.php,area,calibrated,optical
M28,접촉식 디지털 변위 센서 + 프린터 축 래스터,"Keyence GT2-H12(12 mm, 분해능 0.5 µm) + 앰프·PC 통신 유닛, 프린터 헤드에 고정하고 Z 고정 상태로 X 방향 끌기 주사, 줄 간격 0.5 mm 40줄, 2 mm/s",1.0,500,1500,250,12,1,1500,30,30,710000,own,1,1,없음,2,https://www.keyence.com/products/measure/contact-distance-lvdt/gt2/models/gt2-h12/;https://www.keyence.eu/products/measure/contact-distance-lvdt/gt2/specs/;https://2ufa.co.kr/store/goods_view.php?goodsno=4094&category=54;https://www.ebay.com/itm/137208252432,raster_point,printer_axis,contact
M29,1 µm 디지털 인디케이터 + 프린터 축 래스터,"Mitutoyo ID-C112CXB(543-394B, 0.001 mm, 저측정력 0.4–0.7 N) + USB 입력 케이블, 프린터 헤드 고정, 1 mm 격자 점마다 정지 후 읽기(861점)",1.5,1000,1500,250,12.7,1,1500,30,45,800000,own,1,1,없음,1,https://www.mitutoyo.com/webfoo/wp-content/uploads/F_section.pdf;https://www.tequipment.net/Mitutoyo/543-390B/Digital-Indicators/,raster_point,printer_axis,contact
M30,정밀 리니어 게이지 + 프린터 축 래스터,"Mitutoyo LGF-0110L-B(542-181, 분해능 0.1 µm, Ø3 mm 초경 접촉점) + USB 엔코더 카운터 보드, 프린터 헤드 고정, Z 고정 끌기 주사, 줄 간격 0.5 mm 40줄",0.8,500,1500,250,10,1,1500,30,30,1620000,own,1,1,없음,2,https://testequipmentusa.com/mitutoyo-542-181-lgf-0110l-b/;https://www.mitutoyo.com/webfoo/wp-content/uploads/E4174-572_Linear_Gage.pdf;https://www.mitutoyo.com/webfoo/wp-content/uploads/G_section.pdf,raster_point,printer_axis,contact
M31,디지털 하이트게이지 + 정반,"Mitutoyo QM-Height 518-240(350 mm, 분해능 0.001 mm) + Ø3 mm 볼 프로브(957262) + 화강암 정반, 계단 윗면·바닥 기준면 높이 약 20점",1.2,5000,1500,300,350,1,1500,15,30,4695200,own,1,0,없음,0.5,https://www.mitutoyo.com/webfoo/wp-content/uploads/QM-Height-Series_21572.pdf;https://m.sscns.kr/product/518-240-qm-%ED%95%98%EC%9D%B4%ED%8A%B8-%EA%B3%A0%EC%A0%95%EB%8F%84-%EC%95%B1%EC%86%94%EB%A3%A8%ED%8A%B8-%EB%94%94%EC%A7%80%ED%84%B8-%ED%95%98%EC%9D%B4%ED%8A%B8-%EA%B2%8C%EC%9D%B4%EC%A7%80/475/category/188/display/1/;https://willrich.com/product/mitutoyo-qm-height-series-518-high-precision-absolute-digital-height-gage/,point_probe,calibrated,contact
M32,휴대형 표면 거칠기 측정기(단면),"Mitutoyo Surftest SJ-210(현행 후속 SJ-220), 스키드형 검출기, 팁 5 µmR 90°, 측정 16 mm 단면 10줄(40 mm 방향은 3구간 나눠 측정)",5,2,5,16,0.36,1,200,30,30,3180000,own,1,0,없음,0.5,https://www.microscopeworld.com/product_images/images/Surftest_SJ-210_Spec_Sheet.pdf;https://shop.mitutoyo.eu/media/mitutoyoData/DO/base/pre_1344(3)_-_surftest_sj-210_webl.pdf;https://www.hroberts-di.com/products/mitutoyo-178-561-12e-sj-210-portable-surface-roughness-tester-imperial-metric-measuring-range-16mm-resolution-0-001um-drive-unit-standard-stylus-tip-angle-90deg-radius-5mm,line_profiler,industrial,contact
M33,스캐닝 프로브 CMM(연속 스캐닝),"전남테크노파크 ZEISS CONTURA G2(1000×1600×600, MPE_E 1.9+L/300 µm) 장비 이용, 접촉 스캐닝 프로브 Ø1 mm 볼, 윗면 40 mm 단면 10줄 + 구멍·외곽 윤곽 스캐닝",2.0,20,500,1000,600,1,500,90,90,116000,outsource,1,0,없음,2,https://itube.or.kr/aplct/equipSrch/sharingView.do?g_menu_id=MNID210100&equip_no=EPN0021053;https://www.b4-print.com/wp-content/uploads/2021/06/ZEISS_CONTURA_Specifications_EN.pdf;https://mold.kitech.re.kr/tech/tech8.php,line_profiler,calibrated,contact
