id,mode,metric,Q_sim,Q_ana,Q_ana_b,diff_a,flag_a,diff_ref,flag_ref,lim4,pass_sim,pass_ana_ref,verdict_differs,note,z,step,blur,el,ms,contact,ppm,seams
M01,point_probe,국소높이,,,,,,,,5.0,False,False,False,점 측정(1점/칸),1.5,1000.0,500.0,500.0,90.0,True,20.0,0
M01,point_probe,국소선폭,,,,,,,,10.0,False,False,False,볼 지름 > 0.4 mm,1.5,1000.0,500.0,500.0,90.0,True,20.0,0
M01,point_probe,길이40,4.534313619501853,4.534313619501853,4.534313619501853,0.0,,0.0,,25.0,True,True,False,seam 0(해석) / 0(시뮬 규칙),1.5,1000.0,500.0,500.0,90.0,True,20.0,0
M02,line_profiler,국소높이,0.7280882274857096,0.7278649426752969,0.7278649426752969,0.00030676681527204674,,0.00030676681527204674,,5.0,True,True,False,"n=10000, seam 0",0.5,1.0,12.5,200.0,45.0,True,20.0,0
M02,line_profiler,국소선폭,9.518728938344683,0.3528918622645574,9.48051764237439,25.973500826178427,초과,0.004030507342711117,,10.0,True,True,False,"s=1.36, 결측틈 위상평균 치우침 +8.82",0.5,1.0,12.5,200.0,45.0,True,20.0,0
M02,line_profiler,길이40,2.2861904265976327,2.2861904265976327,2.2861904265976327,0.0,,0.0,,25.0,True,True,False,seam 0(해석) / 0(시뮬 규칙),0.5,1.0,12.5,200.0,45.0,True,20.0,0
M03,raster_point,국소높이,,,,,,,,5.0,False,False,False,칸 점유 < 50 %,5.0,1000.0,1000.0,1000.0,30.0,True,500.0,0
M03,raster_point,국소선폭,,36.388371572126715,,,측정가능 불일치,,,10.0,False,False,False,W-b 표본 부족,5.0,1000.0,1000.0,1000.0,30.0,True,500.0,0
M03,raster_point,길이40,817.4757896516977,817.5981082822211,817.4757896516977,-0.0001496072817247604,,-0.0001496072817247604,,25.0,False,False,False,seam 0(해석) / 0(시뮬 규칙),5.0,1000.0,1000.0,1000.0,30.0,True,500.0,0
M04,point_probe,국소높이,,,,,,,,5.0,False,False,False,점 측정(1점/칸),2.0,5000.0,1500.0,1500.0,15.0,True,20.0,0
M04,point_probe,국소선폭,,,,,,,,10.0,False,False,False,볼 지름 > 0.4 mm,2.0,5000.0,1500.0,1500.0,15.0,True,20.0,0
M04,point_probe,길이40,5.878775382679628,5.878775382679628,5.878775382679628,0.0,,0.0,,25.0,True,True,False,seam 0(해석) / 0(시뮬 규칙),2.0,5000.0,1500.0,1500.0,15.0,True,20.0,0
M05,area,국소높이,17.398245840472992,18.2223249538369,18.2223249538369,-0.04522359882460495,,-0.04522359882460495,,5.0,False,False,False,"n=100, seam 2",12.0,20.0,60.0,120.0,45.0,False,500.0,2
M05,area,국소선폭,16.184316101057668,8.563326618320723,16.67749718360353,0.8899566514761094,초과,-0.029571648378434984,,10.0,False,False,False,"s=1.45, 결측틈 위상평균 치우침 -2.04",12.0,20.0,60.0,120.0,45.0,False,500.0,2
M05,area,길이40,51.63977794943223,51.63977794943223,51.63977794943223,0.0,,0.0,,25.0,False,False,False,seam 2(해석) / 2(시뮬 규칙),12.0,20.0,60.0,120.0,45.0,False,500.0,2
M06,area,국소높이,5.701284186040074,5.970184921708922,5.970184921708922,-0.04504060413456625,,-0.04504060413456625,,5.0,False,False,False,"n=400, seam 1",4.0,10.0,40.0,100.0,45.0,False,99.99999999999999,1
M06,area,국소선폭,10.239512464995684,2.4860333783293407,10.404256997876239,3.118815360345975,초과,-0.01583433905123479,,10.0,False,False,False,"s=1.55, 결측틈 위상평균 치우침 -6.19",4.0,10.0,40.0,100.0,45.0,False,99.99999999999999,1
M06,area,길이40,15.187714333192693,15.18771433319269,15.18771433319269,2.339202332135033e-16,,2.339202332135033e-16,,25.0,True,True,False,seam 1(해석) / 1(시뮬 규칙),4.0,10.0,40.0,100.0,45.0,False,99.99999999999999,1
M07,raster_point,국소높이,5.635262829658839,5.9354938199952905,5.9354938199952905,-0.050582310325224006,,-0.050582310325224006,,5.0,False,False,False,"n=25, seam 0",4.0,40.0,45.0,120.0,30.0,False,500.0,0
M07,raster_point,국소선폭,35.204768861576305,5.174284261219613,31.150071799875107,5.80379489882883,초과,0.13016653983177834,,10.0,False,False,False,"s=1.54, 결측틈 위상평균 치우침 -10.17",4.0,40.0,45.0,120.0,30.0,False,500.0,0
M07,raster_point,길이40,51.63977794943223,53.541261347363374,51.63977794943223,-0.035514355659175795,,-0.035514355659175795,,25.0,False,False,False,seam 0(해석) / 0(시뮬 규칙),4.0,40.0,45.0,120.0,30.0,False,500.0,0
M08,raster_point,국소높이,1.6065540989127547,1.462765111391573,1.462765111391573,0.09829943741575221,,0.09829943741575221,,5.0,True,True,False,"n=100, seam 0",1.0,20.0,25.0,30.0,25.0,False,500.0,0
M08,raster_point,국소선폭,69.9652496087534,3.0837849161125472,70.80597709369998,21.68810942137701,초과,-0.011873679588292666,,10.0,False,False,False,"s=1.43, 결측틈 위상평균 치우침 -62.81",1.0,20.0,25.0,30.0,25.0,False,500.0,0
M08,raster_point,길이40,43.20493798938573,45.46060565661952,43.20493798938573,-0.049618073377017125,,-0.049618073377017125,,25.0,False,False,False,seam 0(해석) / 0(시뮬 규칙),1.0,20.0,25.0,30.0,25.0,False,500.0,0
M09,area,국소높이,2.321029135099072,2.2700964784819804,2.2700964784819804,0.0224363400850481,,0.0224363400850481,,5.0,True,True,False,"n=400, seam 2",1.5,10.0,15.0,20.0,13.5,False,20.0,2
M09,area,국소선폭,110.57505471799088,0.8638228812191102,110.52716256025278,127.00662858332335,초과,0.00043330667890796956,,10.0,False,False,False,"s=1.38, 결측틈 위상평균 치우침 -107.07",1.5,10.0,15.0,20.0,13.5,False,20.0,2
M09,area,길이40,16.408128067109505,16.408128067109505,16.408128067109505,0.0,,0.0,,25.0,True,True,False,seam 2(해석) / 2(시뮬 규칙),1.5,10.0,15.0,20.0,13.5,False,20.0,2
M10,area,국소높이,4.565727624610745,4.671675817464632,4.671675817464632,-0.02267884095420507,,-0.02267884095420507,,5.0,True,True,False,"n=400, seam 7",3.0,10.0,15.0,20.0,30.0,False,99.99999999999999,7
M10,area,국소선폭,54.83566091453851,1.7297455166978148,54.608374649720446,30.70157713096605,초과,0.00416211371013998,,10.0,False,False,False,"s=1.38, 결측틈 위상평균 치우침 -51.69",3.0,10.0,15.0,20.0,30.0,False,99.99999999999999,7
M10,area,길이40,28.82128842828972,28.821288428289716,28.821288428289716,1.2326699715871523e-16,,1.2326699715871523e-16,,25.0,False,False,False,seam 7(해석) / 7(시뮬 규칙),3.0,10.0,15.0,20.0,30.0,False,99.99999999999999,7
M11,area,국소높이,8.057994013957837,7.484690965125443,7.484690965125443,0.07659675616584188,,0.07659675616584188,,5.0,False,False,False,"n=113, seam 1",5.0,18.8,40.0,120.0,60.0,False,500.0,1
M11,area,국소선폭,7.932929580947854,3.3691871682546535,8.036617177062244,1.3545529484660137,초과,-0.012901895639664193,,10.0,True,True,False,"s=1.55, 결측틈 위상평균 치우침 -1.88",5.0,18.8,40.0,120.0,60.0,False,500.0,1
M11,area,길이40,46.78746270815149,46.787462708151494,46.787462708151494,-1.5186605441553612e-16,,-1.5186605441553612e-16,,25.0,False,False,False,seam 1(해석) / 1(시뮬 규칙),5.0,18.8,40.0,120.0,60.0,False,500.0,1
M12,area,국소높이,28.808825045889456,29.25530222783146,29.25530222783146,-0.01526141068258242,,-0.01526141068258242,,5.0,False,False,False,"n=100, seam 0",20.0,20.0,100.0,150.0,70.0,False,500.0,0
M12,area,국소선폭,26.6286127898766,19.30240748199566,29.29957757602867,0.3795487850266585,초과,-0.09116052199801378,,10.0,False,False,False,"s=1.22, 결측틈 위상평균 치우침 -0.07",20.0,20.0,100.0,150.0,70.0,False,500.0,0
M12,area,길이40,43.20493798938573,43.20493798938573,43.20493798938573,0.0,,0.0,,25.0,False,False,False,seam 0(해석) / 0(시뮬 규칙),20.0,20.0,100.0,150.0,70.0,False,500.0,0
M13,area,국소높이,35.81107888758342,36.50527258621664,36.50527258621664,-0.019016258459478776,,-0.019016258459478776,,5.0,False,False,False,"n=156, seam 0",25.0,16.0,50.0,100.0,80.0,False,500.0,0
M13,area,국소선폭,31.14172517866062,16.375454067931038,28.858335411420036,0.9017320099628378,초과,0.07912409827827371,,10.0,False,False,False,"s=1.52, 결측틈 위상평균 치우침 -6.55",25.0,16.0,50.0,100.0,80.0,False,500.0,0
M13,area,길이40,42.079290234825336,42.079290234825336,42.079290234825336,0.0,,0.0,,25.0,False,False,False,seam 0(해석) / 0(시뮬 규칙),25.0,16.0,50.0,100.0,80.0,False,500.0,0
M14,area,국소높이,1.7201436649601691,1.6387329201803422,1.6387329201803422,0.04967908057334179,,0.04967908057334179,,5.0,True,True,False,"n=10000, seam 14",1.0,1.76,3.5,10.0,80.0,False,20.0,14
M14,area,국소선폭,0.5755296914920032,0.52334974828909,0.5656848491823261,0.09970377051579249,,0.017403404605775444,,10.0,True,True,False,"s=1.37, 결측틈 위상평균 치우침 -0.07",1.0,1.76,3.5,10.0,80.0,False,20.0,14
M14,area,길이40,7.824747067264645,7.824747067264645,7.824747067264645,0.0,,0.0,,25.0,True,True,False,seam 14(해석) / 14(시뮬 규칙),1.0,1.76,3.5,10.0,80.0,False,20.0,14
M15,area,국소높이,0.2907002411845326,0.31877560400030835,0.31877560400030835,-0.08807249508261811,,-0.08807249508261811,,5.0,True,True,False,"n=4083, seam 10",0.2,3.13,3.56,20.0,20.0,False,20.0,10
M15,area,국소선폭,85.55254609599541,0.10877391255789036,85.6418441967491,785.5171352594645,초과,-0.0010426924080306561,,10.0,False,False,False,"s=1.37, 결측틈 위상평균 치우침 -84.59",0.2,3.13,3.56,20.0,20.0,False,20.0,10
M15,area,길이40,10.346993121997649,10.346993121997649,10.346993121997649,0.0,,0.0,,25.0,True,True,False,seam 10(해석) / 10(시뮬 규칙),0.2,3.13,3.56,20.0,20.0,False,20.0,10
M16,area,국소높이,1.5537726201731463,1.647786352859864,1.647786352859864,-0.05705456446070776,,-0.05705456446070776,,5.0,True,True,False,"n=6400, seam 15",1.0,2.5,1.7,10.0,40.0,False,20.0,15
M16,area,국소선폭,30.623488346762837,0.5214455347623175,30.586106709517765,57.728067085129936,초과,0.001222177036132559,,10.0,False,False,False,"s=1.37, 결측틈 위상평균 치우침 -29.83",1.0,2.5,1.7,10.0,40.0,False,20.0,15
M16,area,길이40,10.023804999433432,10.023804999433432,10.023804999433432,0.0,,0.0,,25.0,True,True,False,seam 15(해석) / 15(시뮬 규칙),1.0,2.5,1.7,10.0,40.0,False,20.0,15
M17,area,국소높이,1244.2869944501758,1289.2156705881523,1289.2156705881523,-0.034849619937895725,,-0.034849619937895725,,5.0,False,False,False,"n=2, seam 0",700.0,157.0,500.0,500.0,60.0,False,500.0,0
M17,area,국소선폭,2945.5205474562576,4770.901068771267,124453.94804083862,-0.3826070788311549,초과,-0.9763324459060977,초과,10.0,False,False,False,"s=0.30, 결측틈 위상평균 치우침 +870.82",700.0,157.0,500.0,500.0,60.0,False,500.0,0
M17,area,길이40,134.28576494426602,134.28576494426602,134.28576494426602,0.0,,0.0,,25.0,False,False,False,seam 0(해석) / 0(시뮬 규칙),700.0,157.0,500.0,500.0,60.0,False,500.0,0
M18,area,국소높이,9.171703895587186,8.994822613303416,8.994822613303416,0.019664788277443144,,0.019664788277443144,,5.0,False,False,False,"n=10000, seam 29",5.0,1.1,8.0,20.0,45.0,False,500.0,29
M18,area,국소선폭,18.37209293543502,2.7306438817434726,18.42385897160988,5.728117517727992,초과,-0.0028097282037725974,,10.0,False,False,False,"s=1.37, 결측틈 위상평균 치우침 -16.43",5.0,1.1,8.0,20.0,45.0,False,500.0,29
M18,area,길이40,41.45680482944467,41.45680482944467,41.45680482944467,0.0,,0.0,,25.0,False,False,False,seam 29(해석) / 29(시뮬 규칙),5.0,1.1,8.0,20.0,45.0,False,500.0,29
M19,area,국소높이,48.71231056649089,45.36607447294841,45.36607447294841,0.07376075916680482,,0.07376075916680482,,5.0,False,False,False,"n=1322, seam 2",30.0,5.5,15.0,50.0,45.0,False,500.0,2
M19,area,국소선폭,26.136554610388018,17.583513605317204,27.0152115839226,0.48642388529698627,초과,-0.0325245268135339,,10.0,False,False,False,"s=1.39, 결측틈 위상평균 치우침 -11.22",30.0,5.5,15.0,50.0,45.0,False,500.0,2
M19,area,길이40,40.995934757810645,40.995934757810645,40.995934757810645,0.0,,0.0,,25.0,False,False,False,seam 2(해석) / 2(시뮬 규칙),30.0,5.5,15.0,50.0,45.0,False,500.0,2
M20,2d,국소높이,,,,,,,,5.0,False,False,False,2D·측정 불가,0.0,5.3,16.0,50.0,60.0,False,500.0,0
M20,2d,국소선폭,3.9501069907828623,3.1972178120276507,3.1972178120276507,0.23548260488319225,,0.23548260488319225,,10.0,True,True,False,2D 양자화 f=0.86,0.0,5.3,16.0,50.0,60.0,False,500.0,0
M20,2d,길이40,40.23340237497528,40.233402374975284,40.233402374975284,-1.7660518221597128e-16,,-1.7660518221597128e-16,,25.0,False,False,False,seam 0(해석) / 0(시뮬 규칙),0.0,5.3,16.0,50.0,60.0,False,500.0,0
M21,2d,국소높이,,,,,,,,5.0,False,False,False,2D·측정 불가,0.0,19.0,28.0,30.0,60.0,False,99.99999999999999,0
M21,2d,국소선폭,14.436156283413176,14.42745227808101,14.42745227808101,0.0006032946887920151,,0.0006032946887920151,,10.0,False,False,False,2D 양자화 f=0.74,0.0,19.0,28.0,30.0,60.0,False,99.99999999999999,0
M21,2d,길이40,17.45470328211473,17.45470328211473,17.45470328211473,0.0,,0.0,,25.0,True,True,False,seam 0(해석) / 0(시뮬 규칙),0.0,19.0,28.0,30.0,60.0,False,99.99999999999999,0
M22,2d,국소높이,,,,,,,,5.0,False,False,False,2D·측정 불가,0.0,3.0,8.0,20.0,60.0,False,500.0,5
M22,2d,국소선폭,2.558535835590849,2.5267255178239694,2.5267255178239694,0.012589542291983825,,0.012589542291983825,,10.0,True,True,False,2D 양자화 f=0.36,0.0,3.0,8.0,20.0,60.0,False,500.0,5
M22,2d,길이40,40.63249930782009,40.63249930782009,40.63249930782009,0.0,,0.0,,25.0,False,False,False,seam 5(해석) / 5(시뮬 규칙),0.0,3.0,8.0,20.0,60.0,False,500.0,5
M23,area,국소높이,7.261768532627795,7.333734266801754,7.333734266801754,-0.009812972703378695,,-0.009812972703378695,,5.0,False,False,False,"n=64, seam 0",5.0,25.0,40.0,50.0,90.0,False,20.0,0
M23,area,국소선폭,16.294318693956924,3.198927788004388,15.728506530257079,4.093681312550646,초과,0.035973673826652744,,10.0,False,False,False,"s=1.55, 결측틈 위상평균 치우침 -8.70",5.0,25.0,40.0,50.0,90.0,False,20.0,0
M23,area,길이40,20.47502543750964,20.475025437509636,20.475025437509636,1.7351449401826067e-16,,1.7351449401826067e-16,,25.0,True,True,False,seam 0(해석) / 0(시뮬 규칙),5.0,25.0,40.0,50.0,90.0,False,20.0,0
M24,point_probe,국소높이,4.0,4.0,4.0,0.0,,0.0,,5.0,True,True,False,점 측정(1점/칸),2.0,4.0,3.0,20.0,30.0,False,20.0,0
M24,point_probe,국소선폭,5.656876876864124,5.656876876864124,5.656876876864124,0.0,,0.0,,10.0,True,True,False,점 측정 해석식(시뮬레이터와 같은 식),2.0,4.0,3.0,20.0,30.0,False,20.0,0
M24,point_probe,길이40,16.569852141766383,5.878775382679628,16.569852141766383,1.8185890875479602,초과,1.8185890875479602,초과,25.0,True,True,False,seam 0(해석) / 15(시뮬 규칙),2.0,4.0,3.0,20.0,30.0,False,20.0,0
M25,point_probe,국소높이,,,,,,,,5.0,False,False,False,점 측정(1점/칸),1.0,1000.0,150.0,150.0,90.0,True,20.0,0
M25,point_probe,국소선폭,2.8284723792181534,2.8284723792181534,2.8284723792181534,0.0,,0.0,,10.0,True,True,False,점 측정 해석식(시뮬레이터와 같은 식),1.0,1000.0,150.0,150.0,90.0,True,20.0,0
M25,point_probe,길이40,3.249615361854384,3.249615361854384,3.249615361854384,0.0,,0.0,,25.0,True,True,False,seam 0(해석) / 0(시뮬 규칙),1.0,1000.0,150.0,150.0,90.0,True,20.0,0
M26,line_profiler,국소높이,1.841964564311211,1.892448850955772,1.892448850955772,-0.026676698088333596,,-0.026676698088333596,,5.0,True,True,False,"n=10000, seam 0",1.3,1.0,25.0,60.0,77.0,True,20.0,0
M26,line_profiler,국소선폭,8.394540391919156,0.7888059332382947,8.189864245333125,9.642085763043067,초과,0.024991396738067193,,10.0,True,True,False,"s=1.38, 결측틈 위상평균 치우침 -7.47",1.3,1.0,25.0,60.0,77.0,True,20.0,0
M26,line_profiler,길이40,2.2861904265976327,2.2861904265976327,2.2861904265976327,0.0,,0.0,,25.0,True,True,False,seam 0(해석) / 0(시뮬 규칙),1.3,1.0,25.0,60.0,77.0,True,20.0,0
M27,area,국소높이,22.46349772445614,22.258101824982337,22.258101824982337,0.00922791624770394,,0.00922791624770394,,5.0,False,False,False,"n=25, seam 0",15.0,40.0,60.0,100.0,60.0,False,20.0,0
M27,area,국소선폭,24.71239940250928,11.694776764154573,24.52741504497583,1.113114247572024,초과,0.007541942646391666,,10.0,False,False,False,"s=1.45, 결측틈 위상평균 치우침 -4.26",15.0,40.0,60.0,100.0,60.0,False,20.0,0
M27,area,길이40,32.69903158606791,32.69903158606791,32.69903158606791,0.0,,0.0,,25.0,False,False,False,seam 0(해석) / 0(시뮬 규칙),15.0,40.0,60.0,100.0,60.0,False,20.0,0
M28,raster_point,국소높이,,,,,,,,5.0,False,False,False,칸 점유 < 50 %,1.0,500.0,1500.0,1500.0,30.0,True,500.0,0
M28,raster_point,국소선폭,2180.0209405353708,16.75455994054688,,129.11508199983277,초과,,측정가능 불일치,10.0,False,False,False,W-b 표본 부족,1.0,500.0,1500.0,1500.0,30.0,True,500.0,0
M28,raster_point,길이40,410.2032016777376,410.4469108991645,410.2032016777376,-0.0005937655149919842,,-0.0005937655149919842,,25.0,False,False,False,seam 0(해석) / 0(시뮬 규칙),1.0,500.0,1500.0,1500.0,30.0,True,500.0,0
M29,raster_point,국소높이,,,,,,,,5.0,False,False,False,칸 점유 < 50 %,1.5,1000.0,1500.0,1500.0,30.0,True,500.0,0
M29,raster_point,국소선폭,3613.763413627988,19.265604237901893,,186.5759186684893,초과,,측정가능 불일치,10.0,False,False,False,W-b 표본 부족,1.5,1000.0,1500.0,1500.0,30.0,True,500.0,0
M29,raster_point,길이40,817.4757896516977,817.5981082822211,817.4757896516977,-0.0001496072817247604,,-0.0001496072817247604,,25.0,False,False,False,seam 0(해석) / 0(시뮬 규칙),1.5,1000.0,1500.0,1500.0,30.0,True,500.0,0
M30,raster_point,국소높이,,,,,,,,5.0,False,False,False,칸 점유 < 50 %,0.8,500.0,1500.0,1500.0,30.0,True,500.0,0
M30,raster_point,국소선폭,2172.8350874915327,16.12727731995464,,133.73043492611336,초과,,측정가능 불일치,10.0,False,False,False,W-b 표본 부족,0.8,500.0,1500.0,1500.0,30.0,True,500.0,0
M30,raster_point,길이40,410.2032016777376,410.4469108991645,410.2032016777376,-0.0005937655149919842,,-0.0005937655149919842,,25.0,False,False,False,seam 0(해석) / 0(시뮬 규칙),0.8,500.0,1500.0,1500.0,30.0,True,500.0,0
M31,point_probe,국소높이,,,,,,,,5.0,False,False,False,점 측정(1점/칸),1.2,5000.0,1500.0,1500.0,15.0,True,20.0,0
M31,point_probe,국소선폭,,,,,,,,10.0,False,False,False,볼 지름 > 0.4 mm,1.2,5000.0,1500.0,1500.0,15.0,True,20.0,0
M31,point_probe,길이40,3.7523326078587433,3.7523326078587433,3.7523326078587433,0.0,,0.0,,25.0,True,True,False,seam 0(해석) / 0(시뮬 규칙),1.2,5000.0,1500.0,1500.0,15.0,True,20.0,0
M32,line_profiler,국소높이,,,,,,,,5.0,False,False,False,depth < 1 mm,5.0,2.0,5.0,200.0,30.0,True,20.0,2
M32,line_profiler,국소선폭,14.292491278763848,3.461437963913172,14.223179018575932,3.129061802571241,초과,0.004873190451824563,,10.0,False,False,False,"s=1.36, 결측틈 위상평균 치우침 +8.61",5.0,2.0,5.0,200.0,30.0,True,20.0,2
M32,line_profiler,길이40,3.6368484525295615,3.6368484525295615,3.6368484525295615,0.0,,0.0,,25.0,True,True,False,seam 2(해석) / 2(시뮬 규칙),5.0,2.0,5.0,200.0,30.0,True,20.0,2
M33,line_profiler,국소높이,3.0331749575621707,2.925530222783146,2.925530222783146,0.03679494880644887,,0.03679494880644887,,5.0,True,True,False,"n=100, seam 0",2.0,20.0,500.0,500.0,90.0,True,20.0,0
M33,line_profiler,국소선폭,4926.620326829573,4.591023337441307,8702.778830404714,1072.0985152376295,초과,-0.433902616297964,초과,10.0,False,False,False,"s=0.73, 결측틈 위상평균 치우침 +416.00",2.0,20.0,500.0,500.0,90.0,True,20.0,0
M33,line_profiler,길이40,16.408128067109505,16.408128067109505,16.408128067109505,0.0,,0.0,,25.0,True,True,False,seam 0(해석) / 0(시뮬 규칙),2.0,20.0,500.0,500.0,90.0,True,20.0,0
M34,2d,국소높이,,,,,,,,5.0,False,False,False,2D·측정 불가,0.0,10.0,10.0,50.0,60.0,False,20.0,1
M34,2d,국소선폭,7.8094605722787485,6.837987787217849,6.837987787217849,0.1420699795452778,,0.1420699795452778,,10.0,True,True,False,2D 양자화 f=0.81,0.0,10.0,10.0,50.0,60.0,False,20.0,1
M34,2d,길이40,13.008715027498551,13.008715027498553,13.008715027498553,-1.3655129162605895e-16,,-1.3655129162605895e-16,,25.0,True,True,False,seam 1(해석) / 1(시뮬 규칙),0.0,10.0,10.0,50.0,60.0,False,20.0,1
M35,2d,국소높이,,,,,,,,5.0,False,False,False,2D·측정 불가,0.0,10.0,20.0,0.0,60.0,False,99.99999999999999,1
M35,2d,국소선폭,7.814842848430429,6.838531364126398,6.838531364126398,0.14276625086865438,,0.14276625086865438,,10.0,True,True,False,2D 양자화 f=0.81,0.0,10.0,20.0,0.0,60.0,False,99.99999999999999,1
M35,2d,길이40,15.187714333192693,15.18771433319269,15.18771433319269,2.339202332135033e-16,,2.339202332135033e-16,,25.0,True,True,False,seam 1(해석) / 1(시뮬 규칙),0.0,10.0,20.0,0.0,60.0,False,99.99999999999999,1
M36,area,국소높이,,,,,,,,5.0,False,False,False,depth < 1 mm,0.001,0.18,0.01,4.0,70.0,False,20.0,444
M36,area,국소선폭,,,,,,,,10.0,False,False,False,depth < 0.2 mm,0.001,0.18,0.01,4.0,70.0,False,20.0,444
M36,area,길이40,42.20458110995377,42.20458110995377,42.20458110995377,0.0,,0.0,,25.0,False,False,False,seam 444(해석) / 444(시뮬 규칙),0.001,0.18,0.01,4.0,70.0,False,20.0,444
M37,2d,국소높이,,,,,,,,5.0,False,False,False,2D·측정 불가,0.0,3.0,5.0,30.0,60.0,False,20.0,6
M37,2d,국소선폭,2.659783071638311,2.488182389300029,2.488182389300029,0.06896627959277375,,0.06896627959277375,,10.0,True,True,False,2D 양자화 f=0.36,0.0,3.0,5.0,30.0,60.0,False,20.0,6
M37,2d,길이40,7.909487973314076,7.909487973314076,7.909487973314076,0.0,,0.0,,25.0,True,True,False,seam 6(해석) / 6(시뮬 규칙),0.0,3.0,5.0,30.0,60.0,False,20.0,6
M38,area,국소높이,4.396790620990276,4.597084196274868,4.597084196274868,-0.04356969912513125,,-0.04356969912513125,,5.0,True,True,False,"n=6400, seam 5",3.0,2.5,32.0,120.0,45.0,False,99.99999999999999,5
M38,area,국소선폭,7.723580958209027,1.9088974317850567,7.84436505846114,3.046095316387176,초과,-0.015397562371454386,,10.0,True,True,False,"s=1.46, 결측틈 위상평균 치우침 -5.20",3.0,2.5,32.0,120.0,45.0,False,99.99999999999999,5
M38,area,길이40,9.970790674097348,9.970790674097348,9.970790674097348,0.0,,0.0,,25.0,True,True,False,seam 5(해석) / 5(시뮬 규칙),3.0,2.5,32.0,120.0,45.0,False,99.99999999999999,5
M39,area,국소높이,5.577262307006583,5.427646589442758,5.427646589442758,0.027565486274445463,,0.027565486274445463,,5.0,False,False,False,"n=400, seam 6",3.5,10.0,35.0,120.0,45.0,False,99.99999999999999,6
M39,area,국소선폭,7.036739893647654,2.2540918555440927,7.558043900269729,2.1217627073804963,초과,-0.0689734028408422,,10.0,True,True,False,"s=1.48, 결측틈 위상평균 치우침 -3.28",3.5,10.0,35.0,120.0,45.0,False,99.99999999999999,6
M39,area,길이40,27.03084657695106,27.030846576951056,27.030846576951056,1.3143183172923136e-16,,1.3143183172923136e-16,,25.0,False,False,False,seam 6(해석) / 6(시뮬 규칙),3.5,10.0,35.0,120.0,45.0,False,99.99999999999999,6
M40,area,국소높이,4.717584951516097,4.532126347050579,4.532126347050579,0.04092088133999402,,0.04092088133999402,,5.0,True,True,False,"n=625, seam 3",3.0,8.0,30.0,120.0,45.0,False,99.99999999999999,3
M40,area,국소선폭,5.770276838873424,1.8942190057144104,8.905045313206362,2.046256436803698,초과,-0.3520216196636319,초과,10.0,True,True,False,"s=1.49, 결측틈 위상평균 치우침 -4.33",3.0,8.0,30.0,120.0,45.0,False,99.99999999999999,3
M40,area,길이40,17.281975195754296,17.281975195754292,17.281975195754292,2.0557335828564927e-16,,2.0557335828564927e-16,,25.0,True,True,False,seam 3(해석) / 3(시뮬 규칙),3.0,8.0,30.0,120.0,45.0,False,99.99999999999999,3
M41,area,국소높이,6.682749977190595,7.4687164041830885,7.4687164041830885,-0.10523447195722788,,-0.10523447195722788,,5.0,False,False,False,"n=237, seam 1",5.0,13.0,45.0,100.0,45.0,False,99.99999999999999,1
M41,area,국소선폭,10.53808731603182,3.217677654814376,10.677989991750175,2.2750599800649542,초과,-0.013101967301565574,,10.0,False,False,False,"s=1.49, 결측틈 위상평균 치우침 -6.36",5.0,13.0,45.0,100.0,45.0,False,99.99999999999999,1
M41,area,길이40,18.59211302317912,18.59211302317912,18.59211302317912,0.0,,0.0,,25.0,True,True,False,seam 1(해석) / 1(시뮬 규칙),5.0,13.0,45.0,100.0,45.0,False,99.99999999999999,1
M42,area,국소높이,8.703866768543147,8.999836514028631,8.999836514028631,-0.032886124656168705,,-0.032886124656168705,,5.0,False,False,False,"n=76, seam 1",6.0,23.0,50.0,100.0,45.0,False,99.99999999999999,1
M42,area,국소선폭,14.55922144570706,4.120513187730907,14.289399411517936,2.5333514983177525,초과,0.018882671441854623,,10.0,False,False,False,"s=1.54, 결측틈 위상평균 치우침 -5.40",6.0,23.0,50.0,100.0,45.0,False,99.99999999999999,1
M42,area,길이40,30.75169372029233,30.75169372029233,30.75169372029233,0.0,,0.0,,25.0,False,False,False,seam 1(해석) / 1(시뮬 규칙),6.0,23.0,50.0,100.0,45.0,False,99.99999999999999,1
M43,area,국소높이,13.881840120172974,11.966581999378198,11.966581999378198,0.1600505575355015,,0.1600505575355015,,5.0,False,False,False,"n=138, seam 1",8.0,17.0,60.0,100.0,45.0,False,99.99999999999999,1
M43,area,국소선폭,16.729183590623876,5.79612471328705,14.422083893503366,1.8862704683137437,초과,0.15996992627118026,,10.0,False,False,False,"s=1.42, 결측틈 위상평균 치우침 -6.54",8.0,17.0,60.0,100.0,45.0,False,99.99999999999999,1
M43,area,길이40,23.35950912726264,23.35950912726264,23.35950912726264,0.0,,0.0,,25.0,True,True,False,seam 1(해석) / 1(시뮬 규칙),8.0,17.0,60.0,100.0,45.0,False,99.99999999999999,1
M44,area,국소높이,10.177607140297145,10.461562112012476,10.461562112012476,-0.02714269328758091,,-0.02714269328758091,,5.0,False,False,False,"n=188, seam 1",7.0,14.6,45.0,100.0,45.0,False,99.99999999999999,1
M44,area,국소선폭,13.26783822059648,4.5980750390104985,13.620950403740085,1.88552015963874,초과,-0.02592419564545554,,10.0,False,False,False,"s=1.52, 결측틈 위상평균 치우침 -6.43",7.0,14.6,45.0,100.0,45.0,False,99.99999999999999,1
M44,area,길이40,20.476002213973963,20.476002213973963,20.476002213973963,0.0,,0.0,,25.0,True,True,False,seam 1(해석) / 1(시뮬 규칙),7.0,14.6,45.0,100.0,45.0,False,99.99999999999999,1
M45,area,국소높이,8.402051670760704,7.469170733886155,7.469170733886155,0.1248975247870895,,0.1248975247870895,,5.0,False,False,False,"n=230, seam 1",5.0,13.2,45.0,100.0,45.0,False,99.99999999999999,1
M45,area,국소선폭,11.364165814541687,3.2341125582689334,11.908908805664941,2.5138436309169108,초과,-0.04574247733462578,,10.0,False,False,False,"s=1.50, 결측틈 위상평균 치우침 -6.68",5.0,13.2,45.0,100.0,45.0,False,99.99999999999999,1
M45,area,길이40,18.825514601200148,18.825514601200148,18.825514601200148,0.0,,0.0,,25.0,True,True,False,seam 1(해석) / 1(시뮬 규칙),5.0,13.2,45.0,100.0,45.0,False,99.99999999999999,1
M46,area,국소높이,6.100660062864787,5.972423379273257,5.972423379273257,0.021471465676154666,,0.021471465676154666,,5.0,False,False,False,"n=302, seam 1",4.0,11.5,40.0,100.0,45.0,False,99.99999999999999,1
M46,area,국소선폭,11.504839801461742,2.4513422157982934,11.02569153472937,3.6932817977497794,초과,0.043457434413353785,,10.0,False,False,False,"s=1.56, 결측틈 위상평균 치우침 -7.00",4.0,11.5,40.0,100.0,45.0,False,99.99999999999999,1
M46,area,길이40,16.864657324317818,16.864657324317818,16.864657324317818,0.0,,0.0,,25.0,True,True,False,seam 1(해석) / 1(시뮬 규칙),4.0,11.5,40.0,100.0,45.0,False,99.99999999999999,1
M47,area,국소높이,10.530211745340786,10.466758356754427,10.466758356754427,0.006062372553524251,,0.006062372553524251,,5.0,False,False,False,"n=156, seam 1",7.0,16.0,50.0,100.0,45.0,False,99.99999999999999,1
M47,area,국소선폭,13.103081144664827,4.584222301864214,12.798581657999026,1.8582996813519155,초과,0.023791658701141367,,10.0,False,False,False,"s=1.52, 결측틈 위상평균 치우침 -6.55",7.0,16.0,50.0,100.0,45.0,False,99.99999999999999,1
M47,area,길이40,22.15099696778153,22.15099696778153,22.15099696778153,0.0,,0.0,,25.0,True,True,False,seam 1(해석) / 1(시뮬 규칙),7.0,16.0,50.0,100.0,45.0,False,99.99999999999999,1
M48,area,국소높이,5.975562597349413,6.040913154208808,6.040913154208808,-0.010817993106533016,,-0.010817993106533016,,5.0,False,False,False,"n=1111, seam 3",4.0,6.0,30.0,200.0,45.0,False,99.99999999999999,3
M48,area,국소선폭,15.752401838385774,2.8045072156793553,13.857109199011317,4.616816298534628,초과,0.1367740278405025,,10.0,False,False,False,"s=1.47, 결측틈 위상평균 치우침 +9.01",4.0,6.0,30.0,200.0,45.0,False,99.99999999999999,3
M48,area,길이40,14.0,14.0,14.0,0.0,,0.0,,25.0,True,True,False,seam 3(해석) / 3(시뮬 규칙),4.0,6.0,30.0,200.0,45.0,False,99.99999999999999,3
M49,area,국소높이,12.162378127520002,11.940369843417844,11.940369843417844,0.018593082711298104,,0.018593082711298104,,5.0,False,False,False,"n=400, seam 1",8.0,10.0,60.0,120.0,45.0,False,500.0,1
M49,area,국소선폭,13.34094123830824,5.599241212786902,13.17467535637282,1.3826337768485013,초과,0.012620112256124338,,10.0,False,False,False,"s=1.45, 결측틈 위상평균 치우침 -4.84",8.0,10.0,60.0,120.0,45.0,False,500.0,1
M49,area,길이40,42.03173404306164,42.03173404306164,42.03173404306164,0.0,,0.0,,25.0,False,False,False,seam 1(해석) / 1(시뮬 규칙),8.0,10.0,60.0,120.0,45.0,False,500.0,1
M50,area,국소높이,13.024859013777371,13.432916073845073,13.432916073845073,-0.030377399652054705,,-0.030377399652054705,,5.0,False,False,False,"n=400, seam 1",9.0,10.0,60.0,120.0,45.0,False,500.0,1
M50,area,국소선폭,13.749401202137571,6.294589227203177,14.109792495837187,1.1843206452165471,초과,-0.025541927268309717,,10.0,False,False,False,"s=1.45, 결측틈 위상평균 치우침 -4.84",9.0,10.0,60.0,120.0,45.0,False,500.0,1
M50,area,길이40,42.03173404306164,42.03173404306164,42.03173404306164,0.0,,0.0,,25.0,False,False,False,seam 1(해석) / 1(시뮬 규칙),9.0,10.0,60.0,120.0,45.0,False,500.0,1
M51,area,국소높이,8.269550405793689,9.11116247691845,9.11116247691845,-0.09237153582288089,,-0.09237153582288089,,5.0,False,False,False,"n=100, seam 2",6.0,20.0,150.0,130.0,45.0,False,500.0,2
M51,area,국소선폭,16.28963023405509,7.738864843352384,16.449421964114443,1.1049120980640637,초과,-0.00971412432655387,,10.0,False,False,False,"s=0.97, 결측틈 위상평균 치우침 -6.49",6.0,20.0,150.0,130.0,45.0,False,500.0,2
M51,area,길이40,51.63977794943223,51.63977794943223,51.63977794943223,0.0,,0.0,,25.0,False,False,False,seam 2(해석) / 2(시뮬 규칙),6.0,20.0,150.0,130.0,45.0,False,500.0,2
M52,area,국소높이,16.68678794778898,15.185270794864081,15.185270794864081,0.09887984041962138,,0.09887984041962138,,5.0,False,False,False,"n=100, seam 2",10.0,20.0,60.0,30.0,60.0,False,500.0,2
M52,area,국소선폭,18.764031584943943,6.473549090205021,19.070959556079973,1.8985694436665925,초과,-0.016093997275463737,,10.0,False,False,False,"s=1.45, 결측틈 위상평균 치우침 -11.83",10.0,20.0,60.0,30.0,60.0,False,500.0,2
M52,area,길이40,51.63977794943223,51.63977794943223,51.63977794943223,0.0,,0.0,,25.0,False,False,False,seam 2(해석) / 2(시뮬 규칙),10.0,20.0,60.0,30.0,60.0,False,500.0,2
M53,area,국소높이,38.47170419161869,38.34040285448371,38.34040285448371,0.0034246206966921126,,0.0034246206966921126,,5.0,False,False,False,"n=16, seam 1",25.0,50.0,300.0,120.0,45.0,False,500.0,1
M53,area,국소선폭,95.1184571319582,69.13476952753976,99.87043151741838,0.37584109677356864,초과,-0.047581394345246185,,10.0,False,False,False,"s=0.56, 결측틈 위상평균 치우침 +29.65",25.0,50.0,300.0,120.0,45.0,False,500.0,1
M53,area,길이40,75.93857166596345,75.93857166596345,75.93857166596345,0.0,,0.0,,25.0,False,False,False,seam 1(해석) / 1(시뮬 규칙),25.0,50.0,300.0,120.0,45.0,False,500.0,1
M54,area,국소높이,21.849650709240624,22.466154043012306,22.466154043012306,-0.02744142733960441,,-0.02744142733960441,,5.0,False,False,False,"n=100, seam 1",15.0,20.0,60.0,120.0,45.0,False,500.0,1
M54,area,국소선폭,21.03598085888033,10.698479781852988,19.551712222650867,0.9662588786270412,초과,0.0759150206041761,,10.0,False,False,False,"s=1.45, 결측틈 위상평균 치우침 -2.04",15.0,20.0,60.0,120.0,45.0,False,500.0,1
M54,area,길이40,47.60952285695234,47.60952285695234,47.60952285695234,0.0,,0.0,,25.0,False,False,False,seam 1(해석) / 1(시뮬 규칙),15.0,20.0,60.0,120.0,45.0,False,500.0,1
M55,raster_point,국소높이,5.180634689067973,4.388295334174719,4.388295334174719,0.18055743621509562,,0.18055743621509562,,5.0,False,True,True,"n=100, seam 0",3.0,20.0,20.0,120.0,30.0,False,500.0,0
M55,raster_point,국소선폭,20.34520323366229,3.666877748676316,19.401155351721528,4.548372383291638,초과,0.04865936408560293,,10.0,False,False,False,"s=1.40, 결측틈 위상평균 치우침 -10.33",3.0,20.0,20.0,120.0,30.0,False,500.0,0
M55,raster_point,길이40,43.20493798938573,45.46060565661952,43.20493798938573,-0.049618073377017125,,-0.049618073377017125,,25.0,False,False,False,seam 0(해석) / 0(시뮬 규칙),3.0,20.0,20.0,120.0,30.0,False,500.0,0
M56,raster_point,국소높이,1.5244835768618066,1.462765111391573,1.462765111391573,0.042193011707477066,,0.042193011707477066,,5.0,True,True,False,"n=100, seam 0",1.0,20.0,25.0,30.0,25.0,False,500.0,0
M56,raster_point,국소선폭,70.18627060971959,3.0837849161125472,70.80597709369998,21.759781411148854,초과,-0.00875217756207665,,10.0,False,False,False,"s=1.43, 결측틈 위상평균 치우침 -62.81",1.0,20.0,25.0,30.0,25.0,False,500.0,0
M56,raster_point,길이40,43.20493798938573,45.46060565661952,43.20493798938573,-0.049618073377017125,,-0.049618073377017125,,25.0,False,False,False,seam 0(해석) / 0(시뮬 규칙),1.0,20.0,25.0,30.0,25.0,False,500.0,0
M57,raster_point,국소높이,1.518299056524558,1.462765111391573,1.462765111391573,0.037965046267854935,,0.037965046267854935,,5.0,True,True,False,"n=100, seam 0",1.0,20.0,9.0,30.0,24.0,False,500.0,0
M57,raster_point,국소선폭,73.72168637973104,3.0850563471801618,76.38147101968887,22.89638245898328,초과,-0.034822380407837666,,10.0,False,False,False,"s=1.39, 결측틈 위상평균 치우침 -66.33",1.0,20.0,9.0,30.0,24.0,False,500.0,0
M57,raster_point,길이40,43.20493798938573,45.46060565661952,43.20493798938573,-0.049618073377017125,,-0.049618073377017125,,25.0,False,False,False,seam 0(해석) / 0(시뮬 규칙),1.0,20.0,9.0,30.0,24.0,False,500.0,0
M58,raster_point,국소높이,22.644119325718627,22.49254860580246,22.49254860580246,0.006738708119410898,,0.006738708119410898,,5.0,False,False,False,"n=16, seam 0",15.0,50.0,50.0,150.0,30.0,False,500.0,0
M58,raster_point,국소선폭,39.41349162903326,13.043952176244906,36.825786297652634,2.0215912398706464,초과,0.07026884125337936,,10.0,False,False,False,"s=1.52, 결측틈 위상평균 치우침 +4.27",15.0,50.0,50.0,150.0,30.0,False,500.0,0
M58,raster_point,길이40,57.15476066494082,58.878405775518985,57.154760664940824,-0.029274656605849228,,-0.029274656605849228,,25.0,False,False,False,seam 0(해석) / 0(시뮬 규칙),15.0,50.0,50.0,150.0,30.0,False,500.0,0
M59,raster_point,국소높이,2.2325017098580107,2.1941476670873596,2.1941476670873596,0.017480155664073616,,0.017480155664073616,,5.0,True,True,False,"n=100, seam 0",1.5,20.0,10.0,30.0,25.0,False,500.0,0
M59,raster_point,국소선폭,65.75431015550978,3.162588999783096,67.7647010550549,19.79129161583105,초과,-0.029667228929583688,,10.0,False,False,False,"s=1.38, 결측틈 위상평균 치우침 -62.24",1.5,20.0,10.0,30.0,25.0,False,500.0,0
M59,raster_point,길이40,43.20493798938573,45.46060565661952,43.20493798938573,-0.049618073377017125,,-0.049618073377017125,,25.0,False,False,False,seam 0(해석) / 0(시뮬 규칙),1.5,20.0,10.0,30.0,25.0,False,500.0,0
M60,raster_point,국소높이,1.408275840225833,1.462765111391573,1.462765111391573,-0.03725086874262579,,-0.03725086874262579,,5.0,True,True,False,"n=100, seam 0",1.0,20.0,12.0,30.0,30.0,False,500.0,0
M60,raster_point,국소선폭,49.0906265099208,3.084758857487763,51.99402502598622,14.913926753386603,초과,-0.05584100316554294,,10.0,False,False,False,"s=1.40, 결측틈 위상평균 치우침 -48.38",1.0,20.0,12.0,30.0,30.0,False,500.0,0
M60,raster_point,길이40,43.20493798938573,45.46060565661952,43.20493798938573,-0.049618073377017125,,-0.049618073377017125,,25.0,False,False,False,seam 0(해석) / 0(시뮬 규칙),1.0,20.0,12.0,30.0,30.0,False,500.0,0
M61,raster_point,국소높이,6.34102471101814,5.866987413441403,5.866987413441403,0.08079739467153231,,0.08079739467153231,,5.0,False,False,False,"n=64, seam 0",4.0,25.0,27.0,30.0,60.0,False,500.0,0
M61,raster_point,국소선폭,16.011787219612007,4.22188156654359,15.41849997583164,2.7925713848767884,초과,0.03847892108248786,,10.0,False,False,False,"s=1.45, 결측틈 위상평균 치우침 -7.44",4.0,25.0,27.0,30.0,60.0,False,500.0,0
M61,raster_point,길이40,44.90731195102493,47.08148963941845,44.90731195102493,-0.04617903352346809,,-0.04617903352346809,,25.0,False,False,False,seam 0(해석) / 0(시뮬 규칙),4.0,25.0,27.0,30.0,60.0,False,500.0,0
M62,raster_point,국소높이,3.33704973281293,2.9677469099976452,2.9677469099976452,0.12443878606062726,,0.12443878606062726,,5.0,True,True,False,"n=25, seam 0",2.0,40.0,40.0,20.0,10.0,False,500.0,0
M62,raster_point,국소선폭,126.3426667046711,4.4630721304251315,127.58893299256125,27.308452790485436,초과,-0.009767824361089465,,10.0,False,False,False,"s=1.53, 결측틈 위상평균 치우침 -100.54",2.0,40.0,40.0,20.0,10.0,False,500.0,0
M62,raster_point,길이40,51.63977794943223,53.541261347363374,51.63977794943223,-0.035514355659175795,,-0.035514355659175795,,25.0,False,False,False,seam 0(해석) / 0(시뮬 규칙),2.0,40.0,40.0,20.0,10.0,False,500.0,0
M63,raster_point,국소높이,2.943509454156552,2.925530222783146,2.925530222783146,0.006145631733143399,,0.006145631733143399,,5.0,True,True,False,"n=100, seam 0",2.0,20.0,10.0,50.0,2.0,False,500.0,0
M63,raster_point,국소선폭,154.5943520041803,3.2753936772006194,156.6005774739997,46.198708686617316,초과,-0.012811098797847514,,10.0,False,False,False,"s=1.40, 결측틈 위상평균 치우침 -149.25",2.0,20.0,10.0,50.0,2.0,False,500.0,0
M63,raster_point,길이40,43.20493798938573,45.46060565661952,43.20493798938573,-0.049618073377017125,,-0.049618073377017125,,25.0,False,False,False,seam 0(해석) / 0(시뮬 규칙),2.0,20.0,10.0,50.0,2.0,False,500.0,0
M64,area,국소높이,2.962988314152037,3.0226526559530456,3.0226526559530456,-0.019739066506203082,,-0.019739066506203082,,5.0,True,True,False,"n=400, seam 3",2.0,10.0,8.0,20.0,30.0,False,500.0,3
M64,area,국소선폭,56.31416581053998,1.223991856423759,56.46696952110461,45.008611507496354,초과,-0.0027060724501518658,,10.0,False,False,False,"s=1.37, 결측틈 위상평균 치우침 -52.76",2.0,10.0,8.0,20.0,30.0,False,500.0,3
M64,area,길이40,44.347115652166906,44.347115652166906,44.347115652166906,0.0,,0.0,,25.0,False,False,False,seam 3(해석) / 3(시뮬 규칙),2.0,10.0,8.0,20.0,30.0,False,500.0,3
M65,line_profiler,국소높이,1.6177128827015903,1.579117827808947,1.579117827808947,0.024440896184545362,,0.024440896184545362,,5.0,True,True,False,"n=2938, seam 9",1.0,3.69,5.0,20.0,33.0,False,99.99999999999999,9
M65,line_profiler,국소선폭,46.65933339357979,0.5482997120614809,46.57516261961602,84.09822705934211,초과,0.0018072030075600785,,10.0,False,False,False,"s=1.37, 결측틈 위상평균 치우침 -44.72",1.0,3.69,5.0,20.0,33.0,False,99.99999999999999,9
M65,line_profiler,길이40,13.986504209415587,13.986504209415589,13.986504209415589,-1.270050623660788e-16,,-1.270050623660788e-16,,25.0,True,True,False,seam 9(해석) / 9(시뮬 규칙),1.0,3.69,5.0,20.0,33.0,False,99.99999999999999,9
M66,area,국소높이,2.3825201355427743,2.271044054899567,2.271044054899567,0.04908582922586114,,0.04908582922586114,,5.0,True,True,False,"n=292, seam 2",1.5,11.7,25.0,50.0,60.0,False,20.0,2
M66,area,국소선폭,11.42948015140002,0.8909852279362727,11.036570715688212,11.82791206075698,초과,0.03560068121099396,,10.0,False,False,False,"s=1.44, 결측틈 위상평균 치우침 -7.77",1.5,11.7,25.0,50.0,60.0,False,20.0,2
M66,area,길이40,19.172897537930982,19.172897537930982,19.172897537930982,0.0,,0.0,,25.0,True,True,False,seam 2(해석) / 2(시뮬 규칙),1.5,11.7,25.0,50.0,60.0,False,20.0,2
M67,area,국소높이,2.7402356675212176,3.0280587398660894,3.0280587398660894,-0.09505201089910174,,-0.09505201089910174,,5.0,True,True,False,"n=292, seam 2",2.0,11.7,25.0,50.0,60.0,False,99.99999999999999,2
M67,area,국소선폭,10.772332596884626,1.1913543107831879,11.125027772668206,8.042089745579524,초과,-0.03170285800544933,,10.0,False,False,False,"s=1.44, 결측틈 위상평균 치우침 -7.77",2.0,11.7,25.0,50.0,60.0,False,99.99999999999999,2
M67,area,길이40,20.713280763799823,20.713280763799826,20.713280763799826,-1.7151863672941205e-16,,-1.7151863672941205e-16,,25.0,True,True,False,seam 2(해석) / 2(시뮬 규칙),2.0,11.7,25.0,50.0,60.0,False,99.99999999999999,2
M68,area,국소높이,2.796624809953001,3.0209027892305023,3.0209027892305023,-0.07424203786929212,,-0.07424203786929212,,5.0,True,True,False,"n=816, seam 3",2.0,7.0,15.0,40.0,60.0,False,99.99999999999999,3
M68,area,국소선폭,7.94698816097837,1.1535836515372964,8.178814242053729,5.888956991014914,초과,-0.028344705505519145,,10.0,True,True,False,"s=1.39, 결측틈 위상평균 치우침 -5.72",2.0,7.0,15.0,40.0,60.0,False,99.99999999999999,3
M68,area,길이40,15.609825965290794,15.609825965290794,15.609825965290794,0.0,,0.0,,25.0,True,True,False,seam 3(해석) / 3(시뮬 규칙),2.0,7.0,15.0,40.0,60.0,False,99.99999999999999,3
M69,area,국소높이,88.29722730820667,84.98079723055713,84.98079723055713,0.03902564091805238,,0.03902564091805238,,5.0,False,False,False,"n=3, seam 0",50.0,122.0,250.0,500.0,60.0,False,99.99999999999999,0
M69,area,국소선폭,870.5606551976048,145.30204176551763,1135773.41585966,4.991386250459434,초과,-0.9992335085123131,초과,10.0,False,False,False,"s=0.65, 결측틈 위상평균 치우침 +548.25",50.0,122.0,250.0,500.0,60.0,False,99.99999999999999,0
M69,area,길이40,99.93331109628392,99.93331109628393,99.93331109628393,-1.4220338102787472e-16,,-1.4220338102787472e-16,,25.0,False,False,False,seam 0(해석) / 0(시뮬 규칙),50.0,122.0,250.0,500.0,60.0,False,99.99999999999999,0
M70,area,국소높이,150.7476532373961,153.49898102311874,153.49898102311874,-0.01792407850126555,,-0.01792407850126555,,5.0,False,False,False,"n=1, seam 0",80.0,174.0,350.0,500.0,60.0,False,99.99999999999999,0
M70,area,국소선폭,1101.6000181750092,352.87268343710286,89375.60033519444,2.121805880367506,초과,-0.9876744881819695,초과,10.0,False,False,False,"s=0.47, 결측틈 위상평균 치우침 +575.48",80.0,174.0,350.0,500.0,60.0,False,99.99999999999999,0
M70,area,길이40,142.29546725036607,142.29546725036607,142.29546725036607,0.0,,0.0,,25.0,False,False,False,seam 0(해석) / 0(시뮬 규칙),80.0,174.0,350.0,500.0,60.0,False,99.99999999999999,0
M71,area,국소높이,74.50685578209684,76.00813876450904,76.00813876450904,-0.019751608272681583,,-0.019751608272681583,,5.0,False,False,False,"n=1, seam 0",40.0,170.0,350.0,300.0,70.0,False,99.99999999999999,0
M71,area,국소선폭,468.3135896245939,170.9031844528566,1123.175688462606,1.7402274049128525,초과,-0.5830451153500146,초과,10.0,False,False,False,"s=0.47, 결측틈 위상평균 치우침 +129.50",40.0,170.0,350.0,300.0,70.0,False,99.99999999999999,0
M71,area,길이40,139.03476783404454,139.03476783404454,139.03476783404454,0.0,,0.0,,25.0,False,False,False,seam 0(해석) / 0(시뮬 규칙),40.0,170.0,350.0,300.0,70.0,False,99.99999999999999,0
M72,area,국소높이,12.409062794198018,11.996025923094647,11.996025923094647,0.034431141925776905,,0.034431141925776905,,5.0,False,False,False,"n=16, seam 0",8.0,50.0,100.0,100.0,70.0,False,99.99999999999999,0
M72,area,국소선폭,20.93021544435998,8.495069958756597,20.6203758142647,1.463807307765066,초과,0.015025896369984651,,10.0,False,False,False,"s=1.22, 결측틈 위상평균 치우침 -6.52",8.0,50.0,100.0,100.0,70.0,False,99.99999999999999,0
M72,area,길이40,41.60128203152719,41.601282031527184,41.601282031527184,1.7079827857747782e-16,,1.7079827857747782e-16,,25.0,False,False,False,seam 0(해석) / 0(시뮬 규칙),8.0,50.0,100.0,100.0,70.0,False,99.99999999999999,0
M73,area,국소높이,4.322461768997549,4.414794898532993,4.414794898532993,-0.020914477718121265,,-0.020914477718121265,,5.0,True,True,False,"n=44, seam 0",3.0,30.0,60.0,60.0,70.0,False,20.0,0
M73,area,국소선폭,16.004580491764266,2.1476978630586414,15.665152919855636,6.451970208216979,초과,0.021667683274154564,,10.0,False,False,False,"s=1.50, 결측틈 위상평균 치우침 -10.56",3.0,30.0,60.0,60.0,70.0,False,20.0,0
M73,area,길이40,24.547097588106013,24.547097588106013,24.547097588106013,0.0,,0.0,,25.0,True,True,False,seam 0(해석) / 0(시뮬 규칙),3.0,30.0,60.0,60.0,70.0,False,20.0,0
M74,area,국소높이,37.71730210834814,36.66867133400876,36.66867133400876,0.028597457616818946,,0.028597457616818946,,5.0,False,False,False,"n=64, seam 0",25.0,25.0,100.0,200.0,75.0,False,20.0,0
M74,area,국소선폭,52.82727094241275,25.44333655279219,56.0086570318358,1.0762713582317256,초과,-0.05680168491836401,,10.0,False,False,False,"s=1.21, 결측틈 위상평균 치우침 +14.17",25.0,25.0,100.0,200.0,75.0,False,20.0,0
M74,area,길이40,20.47502543750964,20.475025437509636,20.475025437509636,1.7351449401826067e-16,,1.7351449401826067e-16,,25.0,True,True,False,seam 0(해석) / 0(시뮬 규칙),25.0,25.0,100.0,200.0,75.0,False,20.0,0
M75,area,국소높이,34.941743666028124,36.569127784789316,36.569127784789316,-0.04450158418703362,,-0.04450158418703362,,5.0,False,False,False,"n=100, seam 0",25.0,20.0,100.0,150.0,70.0,False,99.99999999999999,0
M75,area,국소선폭,35.44283888755113,24.12119154236791,36.092410676396966,0.46936517730880756,초과,-0.0179974619780836,,10.0,False,False,False,"s=1.22, 결측틈 위상평균 치우침 -0.07",25.0,20.0,100.0,150.0,70.0,False,99.99999999999999,0
M75,area,길이40,18.18424226264781,18.184242262647807,18.184242262647807,1.953732043098721e-16,,1.953732043098721e-16,,25.0,True,True,False,seam 0(해석) / 0(시뮬 규칙),25.0,20.0,100.0,150.0,70.0,False,99.99999999999999,0
M76,area,국소높이,15.20314764955772,14.838734549988226,14.838734549988226,0.024558232937038564,,0.024558232937038564,,5.0,False,False,False,"n=25, seam 0",10.0,40.0,80.0,100.0,75.0,False,99.99999999999999,0
M76,area,국소선폭,22.484207457176744,8.81048682712573,21.164541230023495,1.551982415767578,초과,0.06235269703277116,,10.0,False,False,False,"s=1.36, 결측틈 위상평균 치우침 -6.95",10.0,40.0,80.0,100.0,75.0,False,99.99999999999999,0
M76,area,길이40,33.62538723444931,33.62538723444931,33.62538723444931,0.0,,0.0,,25.0,False,False,False,seam 0(해석) / 0(시뮬 규칙),10.0,40.0,80.0,100.0,75.0,False,99.99999999999999,0
M77,area,국소높이,15.403803285885488,14.838734549988226,14.838734549988226,0.03808065532769503,,0.03808065532769503,,5.0,False,False,False,"n=25, seam 0",10.0,40.0,80.0,100.0,75.0,False,99.99999999999999,0
M77,area,국소선폭,21.75676964300587,8.81048682712573,21.164541230023495,1.4694174192532834,초과,0.027982104905834446,,10.0,False,False,False,"s=1.36, 결측틈 위상평균 치우침 -6.95",10.0,40.0,80.0,100.0,75.0,False,99.99999999999999,0
M77,area,길이40,33.62538723444931,33.62538723444931,33.62538723444931,0.0,,0.0,,25.0,False,False,False,seam 0(해석) / 0(시뮬 규칙),10.0,40.0,80.0,100.0,75.0,False,99.99999999999999,0
M78,area,국소높이,57.56096411316664,55.26302632391885,55.26302632391885,0.041581830422725154,,0.041581830422725154,,5.0,False,False,False,"n=6, seam 0",35.0,85.0,170.0,200.0,70.0,False,99.99999999999999,0
M78,area,국소선폭,98.15246934557985,63.508428429273756,105.23265505986458,0.5455030422440302,초과,-0.06728126084300519,,10.0,False,False,False,"s=0.87, 결측틈 위상평균 치우침 +18.28",35.0,85.0,170.0,200.0,70.0,False,99.99999999999999,0
M78,area,길이40,69.86176827612272,69.86176827612272,69.86176827612272,0.0,,0.0,,25.0,False,False,False,seam 0(해석) / 0(시뮬 규칙),35.0,85.0,170.0,200.0,70.0,False,99.99999999999999,0
M79,area,국소높이,7.325383384884704,7.333734266801754,7.333734266801754,-0.0011386943695045437,,-0.0011386943695045437,,5.0,False,False,False,"n=64, seam 0",5.0,25.0,50.0,100.0,75.0,False,20.0,0
M79,area,국소선폭,18.176825108579024,3.457015472054238,17.116641398229724,4.257953068337857,초과,0.06193876974363372,,10.0,False,False,False,"s=1.54, 결측틈 위상평균 치우침 -5.34",5.0,25.0,50.0,100.0,75.0,False,20.0,0
M79,area,길이40,20.47502543750964,20.475025437509636,20.475025437509636,1.7351449401826067e-16,,1.7351449401826067e-16,,25.0,True,True,False,seam 0(해석) / 0(시뮬 규칙),5.0,25.0,50.0,100.0,75.0,False,20.0,0
M80,area,국소높이,1.334835632805718,1.6387329201803422,1.6387329201803422,-0.18544650176502242,,-0.18544650176502242,,5.0,True,True,False,"n=10000, seam 14",1.0,1.38,0.94,10.0,45.0,False,20.0,14
M80,area,국소선폭,19.02798495023738,0.5193433290960157,19.208798801815345,35.63854695767066,초과,-0.009413074364695727,,10.0,False,False,False,"s=1.37, 결측틈 위상평균 치우침 -18.16",1.0,1.38,0.94,10.0,45.0,False,20.0,14
M80,area,길이40,7.824747067264645,7.824747067264645,7.824747067264645,0.0,,0.0,,25.0,True,True,False,seam 14(해석) / 14(시뮬 규칙),1.0,1.38,0.94,10.0,45.0,False,20.0,14
M81,area,국소높이,0.3385354896893557,0.3295588809381517,0.3295588809381517,0.027238254741156934,,0.027238254741156934,,5.0,True,True,False,"n=5917, seam 15",0.2,2.6,3.6,20.0,20.0,False,20.0,15
M81,area,국소선폭,86.26434048799268,0.10847740573265313,86.2688528032935,794.2286460518292,초과,-5.230526608605365e-05,,10.0,False,False,False,"s=1.37, 결측틈 위상평균 치우침 -84.87",0.2,2.6,3.6,20.0,20.0,False,20.0,15
M81,area,길이40,10.414733153886694,10.414733153886694,10.414733153886694,0.0,,0.0,,25.0,True,True,False,seam 15(해석) / 15(시뮬 규칙),0.2,2.6,3.6,20.0,20.0,False,20.0,15
M82,area,국소높이,5.07323676824288,5.0104594188567315,5.0104594188567315,0.012529260121314865,,0.012529260121314865,,5.0,False,False,False,"n=10000, seam 17",3.0,1.06,4.0,15.0,60.0,False,99.99999999999999,17
M82,area,국소선폭,1.528472374871204,1.5873565358265558,1.6188517107062328,-0.03709573723756407,,-0.05582928642401744,,10.0,True,True,False,"s=1.37, 결측틈 위상평균 치우침 -0.08",3.0,1.06,4.0,15.0,60.0,False,99.99999999999999,17
M82,area,길이40,11.604596790352806,11.604596790352806,11.604596790352806,0.0,,0.0,,25.0,True,True,False,seam 17(해석) / 17(시뮬 규칙),3.0,1.06,4.0,15.0,60.0,False,99.99999999999999,17
M83,area,국소높이,3.375748370633652,3.409617954396973,3.409617954396973,-0.009933542178719298,,-0.009933542178719298,,5.0,True,True,False,"n=10000, seam 20",2.0,1.6,2.0,10.0,60.0,False,99.99999999999999,20
M83,area,국소선폭,1.0437307484164662,1.0443325604581501,1.0590729695005674,-0.0005762647498225596,,-0.014486462714024538,,10.0,True,True,False,"s=1.37, 결측틈 위상평균 치우침 -0.04",2.0,1.6,2.0,10.0,60.0,False,99.99999999999999,20
M83,area,길이40,12.110601416389969,12.110601416389967,12.110601416389967,1.4667783855855462e-16,,1.4667783855855462e-16,,25.0,True,True,False,seam 20(해석) / 20(시뮬 규칙),2.0,1.6,2.0,10.0,60.0,False,99.99999999999999,20
M84,area,국소높이,0.889024537582302,0.956326812000925,0.956326812000925,-0.07037581041757701,,-0.07037581041757701,,5.0,True,True,False,"n=4083, seam 10",0.6,3.13,3.56,20.0,20.0,False,20.0,10
M84,area,국소선폭,85.49268220749266,0.3220563415306353,85.7045802760333,264.4587759432778,초과,-0.002472424085832552,,10.0,False,False,False,"s=1.37, 결측틈 위상평균 치우침 -84.59",0.6,3.13,3.56,20.0,20.0,False,20.0,10
M84,area,길이40,10.346993121997649,10.346993121997649,10.346993121997649,0.0,,0.0,,25.0,True,True,False,seam 10(해석) / 10(시뮬 규칙),0.6,3.13,3.56,20.0,20.0,False,20.0,10
M85,area,국소높이,0.6972083723587794,0.7287193100681717,0.7287193100681717,-0.04324152972760449,,-0.04324152972760449,,5.0,True,True,False,"n=400, seam 0",0.5,10.0,4.6,10.0,60.0,False,20.0,0
M85,area,국소선폭,1.55071285866715,0.2767833967766185,1.6534369533581708,4.602622399777369,초과,-0.062127615136691905,,10.0,True,True,False,"s=1.38, 결측틈 위상평균 치우침 -0.78",0.5,10.0,4.6,10.0,60.0,False,20.0,0
M85,area,길이40,8.320256406305438,8.320256406305438,8.320256406305438,0.0,,0.0,,25.0,True,True,False,seam 0(해석) / 0(시뮬 규칙),0.5,10.0,4.6,10.0,60.0,False,20.0,0
M86,area,국소높이,0.7446918479804311,0.7287193100681717,0.7287193100681717,0.021918642324388463,,0.021918642324388463,,5.0,True,True,False,"n=400, seam 0",0.5,10.0,6.0,10.0,60.0,False,20.0,0
M86,area,국소선폭,1.4938535086652371,0.277153735938252,1.4373395037887058,4.38998149748217,초과,0.039318480239056396,,10.0,True,True,False,"s=1.38, 결측틈 위상평균 치우침 -0.72",0.5,10.0,6.0,10.0,60.0,False,20.0,0
M86,area,길이40,8.320256406305438,8.320256406305438,8.320256406305438,0.0,,0.0,,25.0,True,True,False,seam 0(해석) / 0(시뮬 규칙),0.5,10.0,6.0,10.0,60.0,False,20.0,0
M87,area,국소높이,0.3522529784228063,0.32326252958799406,0.32326252958799406,0.08968082032817491,,0.08968082032817491,,5.0,True,True,False,"n=10000, seam 12",0.2,1.6,3.6,20.0,25.0,False,20.0,12
M87,area,국소선폭,67.98977035497333,0.10795897895266143,67.99413201845304,628.7741143400951,초과,-6.41476455428464e-05,,10.0,False,False,False,"s=1.37, 결측틈 위상평균 치우침 -67.84",0.2,1.6,3.6,20.0,25.0,False,20.0,12
M87,area,길이40,7.295660810829041,7.295660810829041,7.295660810829041,0.0,,0.0,,25.0,True,True,False,seam 12(해석) / 12(시뮬 규칙),0.2,1.6,3.6,20.0,25.0,False,20.0,12
M88,area,국소높이,0.4866032517843074,0.48080785810926113,0.48080785810926113,0.012053450411222907,,0.012053450411222907,,5.0,True,True,False,"n=1041, seam 11",0.3,6.2,6.2,30.0,20.0,False,99.99999999999999,11
M88,area,국소선폭,83.04554136328633,0.1919769523930092,83.69501843648509,431.5807881004284,초과,-0.007760044568143939,,10.0,False,False,False,"s=1.37, 결측틈 위상평균 치우침 -80.20",0.3,6.2,6.2,30.0,20.0,False,99.99999999999999,11
M88,area,길이40,22.637726623198425,22.637726623198425,22.637726623198425,0.0,,0.0,,25.0,True,True,False,seam 11(해석) / 11(시뮬 규칙),0.3,6.2,6.2,30.0,20.0,False,99.99999999999999,11
M89,area,국소높이,74.30586056919651,73.99171449497946,73.99171449497946,0.004245692593572286,,0.004245692593572286,,5.0,False,False,False,"n=29, seam 0",50.0,37.0,80.0,150.0,60.0,False,500.0,0
M89,area,국소선폭,78.03297824304559,44.78530859652167,74.20990416880367,0.7423789338163934,초과,0.05151703289557754,,10.0,False,False,False,"s=1.34, 결측틈 위상평균 치우침 +2.95",50.0,37.0,80.0,150.0,60.0,False,500.0,0
M89,area,길이40,50.12650662739891,50.1265066273989,50.1265066273989,1.4174990111353998e-16,,1.4174990111353998e-16,,25.0,False,False,False,seam 0(해석) / 0(시뮬 규칙),50.0,37.0,80.0,150.0,60.0,False,500.0,0
M90,area,국소높이,7.716213764787101,7.7463213210923385,7.7463213210923385,-0.0038866908636049136,,-0.0038866908636049136,,5.0,False,False,False,"n=3673, seam 6",5.0,3.3,8.0,50.0,45.0,False,500.0,6
M90,area,국소선폭,13.161026481599134,2.8829020702942123,13.04573965137326,3.565200676503033,초과,0.008837124862731527,,10.0,False,False,False,"s=1.38, 결측틈 위상평균 치우침 -10.43",5.0,3.3,8.0,50.0,45.0,False,500.0,6
M90,area,길이40,40.89743268226014,40.89743268226014,40.89743268226014,0.0,,0.0,,25.0,False,False,False,seam 6(해석) / 6(시뮬 규칙),5.0,3.3,8.0,50.0,45.0,False,500.0,6
M91,area,국소높이,16.317724616865988,14.964286992927788,14.964286992927788,0.090444511293979,,0.090444511293979,,5.0,False,False,False,"n=123, seam 1",10.0,18.0,100.0,200.0,45.0,False,500.0,1
M91,area,국소선폭,28.318710311614826,9.95994480511768,25.104217494781818,1.8432597635545063,초과,0.12804592764148795,,10.0,False,False,False,"s=1.22, 결측틈 위상평균 치우침 +9.26",10.0,18.0,100.0,200.0,45.0,False,500.0,1
M91,area,길이40,46.26013402488151,46.26013402488151,46.26013402488151,0.0,,0.0,,25.0,False,False,False,seam 1(해석) / 1(시뮬 규칙),10.0,18.0,100.0,200.0,45.0,False,500.0,1
M92,area,국소높이,13.520590839829843,15.100224858958397,15.100224858958397,-0.10460996666492789,,-0.10460996666492789,,5.0,False,False,False,"n=1666, seam 3",10.0,4.9,50.0,60.0,40.0,False,500.0,3
M92,area,국소선폭,25.653047361430687,6.164341059616875,26.441657508024086,3.1615230425010052,초과,-0.029824535256690484,,10.0,False,False,False,"s=1.48, 결측틈 위상평균 치우침 -19.53",10.0,4.9,50.0,60.0,40.0,False,500.0,3
M92,area,길이40,41.08572339227663,41.08572339227663,41.08572339227663,0.0,,0.0,,25.0,False,False,False,seam 3(해석) / 3(시뮬 규칙),10.0,4.9,50.0,60.0,40.0,False,500.0,3
M93,area,국소높이,,,,,,,,5.0,False,False,False,depth < 1 mm,20.0,4.9,10.0,50.0,10.0,False,20.0,7
M93,area,국소선폭,128.48371916829268,11.397695287344508,128.33202589244576,10.27278067443646,초과,0.0011820375685026353,,10.0,False,False,False,"s=1.40, 결측틈 위상평균 치우침 -109.75",20.0,4.9,10.0,50.0,10.0,False,20.0,7
M93,area,길이40,13.6615030895823,13.661503089582299,13.661503089582299,1.300264566608946e-16,,1.300264566608946e-16,,25.0,True,True,False,seam 7(해석) / 7(시뮬 규칙),20.0,4.9,10.0,50.0,10.0,False,20.0,7
M94,area,국소높이,71.63159401133461,74.71057110563582,74.71057110563582,-0.04121206743216751,,-0.04121206743216751,,5.0,False,False,False,"n=204, seam 1",50.0,14.0,30.0,60.0,60.0,False,99.99999999999999,1
M94,area,국소선폭,48.27590641949051,30.506729952818,40.845762741849036,0.5824674258484764,초과,0.18190733086810074,,10.0,False,False,False,"s=1.44, 결측틈 위상평균 치우침 -7.68",50.0,14.0,30.0,60.0,60.0,False,99.99999999999999,1
M94,area,길이40,19.76528944049813,19.765289440498123,19.765289440498123,3.5949017488417473e-16,,3.5949017488417473e-16,,25.0,True,True,False,seam 1(해석) / 1(시뮬 규칙),50.0,14.0,30.0,60.0,60.0,False,99.99999999999999,1
M95,area,국소높이,27.67923976010496,29.228352650506046,29.228352650506046,-0.05300034897362806,,-0.05300034897362806,,5.0,False,False,False,"n=123, seam 0",20.0,18.0,40.0,100.0,15.0,False,500.0,0
M95,area,국소선폭,87.54785618540558,12.970712514169911,90.36170617044739,5.749656666105547,초과,-0.031139850101259782,,10.0,False,False,False,"s=1.49, 결측틈 위상평균 치우침 -66.06",20.0,18.0,40.0,100.0,15.0,False,500.0,0
M95,area,길이40,42.61455150532503,42.61455150532503,42.61455150532503,0.0,,0.0,,25.0,False,False,False,seam 0(해석) / 0(시뮬 규칙),20.0,18.0,40.0,100.0,15.0,False,500.0,0
M96,area,국소높이,35.822816960270394,38.20581572451243,38.20581572451243,-0.06237267073225015,,-0.06237267073225015,,5.0,False,False,False,"n=10000, seam 4",25.0,2.0,10.0,60.0,40.0,False,500.0,4
M96,area,국소선폭,29.459532881570752,14.472586151706492,30.007021984910068,1.035540336244405,초과,-0.018245366155116547,,10.0,False,False,False,"s=1.37, 결측틈 위상평균 치우침 -16.02",25.0,2.0,10.0,60.0,40.0,False,500.0,4
M96,area,길이40,40.2326567189723,40.2326567189723,40.2326567189723,0.0,,0.0,,25.0,False,False,False,seam 4(해석) / 4(시뮬 규칙),25.0,2.0,10.0,60.0,40.0,False,500.0,4
M97,line_profiler,국소높이,11.392120643088864,11.695518045560476,11.695518045560476,-0.02594133934809148,,-0.02594133934809148,,5.0,False,False,False,"n=113, seam 0",8.0,18.8,30.0,500.0,90.0,False,500.0,0
M97,line_profiler,국소선폭,2950.545526209058,7.211884400503477,,408.122687269235,초과,,측정가능 불일치,10.0,False,False,False,W-b 표본 부족,8.0,18.8,30.0,500.0,90.0,False,500.0,0
M97,line_profiler,길이40,42.84421392284688,42.84421392284688,42.84421392284688,0.0,,0.0,,25.0,False,False,False,seam 0(해석) / 0(시뮬 규칙),8.0,18.8,30.0,500.0,90.0,False,500.0,0
M98,area,국소높이,,,,,,,,5.0,False,False,False,depth < 1 mm,15.0,6.9,50.0,60.0,30.0,False,500.0,2
M98,area,국소선폭,48.670334148304896,9.26438469488159,49.862365763901906,4.253488035227466,초과,-0.023906439201887744,,10.0,False,False,False,"s=1.48, 결측틈 위상평균 치우침 -37.68",15.0,6.9,50.0,60.0,30.0,False,500.0,2
M98,area,길이40,41.556708243074304,41.556708243074304,41.556708243074304,0.0,,0.0,,25.0,False,False,False,seam 2(해석) / 2(시뮬 규칙),15.0,6.9,50.0,60.0,30.0,False,500.0,2
M99,2d,국소높이,,,,,,,,5.0,False,False,False,2D·측정 불가,0.0,5.3,12.0,50.0,60.0,False,500.0,0
M99,2d,국소선폭,3.052685946725692,3.1972178120276507,3.1972178120276507,-0.04520551110351088,,-0.04520551110351088,,10.0,True,True,False,2D 양자화 f=0.86,0.0,5.3,12.0,50.0,60.0,False,500.0,0
M99,2d,길이40,40.23340237497528,40.233402374975284,40.233402374975284,-1.7660518221597128e-16,,-1.7660518221597128e-16,,25.0,False,False,False,seam 0(해석) / 0(시뮬 규칙),0.0,5.3,12.0,50.0,60.0,False,500.0,0
M100,2d,국소높이,,,,,,,,5.0,False,False,False,2D·측정 불가,0.0,10.6,42.0,50.0,60.0,False,500.0,0
M100,2d,국소선폭,5.125793492829052,4.6751722146145465,4.6751722146145465,0.09638602762179915,,0.09638602762179915,,10.0,True,True,False,2D 양자화 f=0.93,0.0,10.6,42.0,50.0,60.0,False,500.0,0
M100,2d,길이40,40.92562359533043,40.92562359533043,40.92562359533043,0.0,,0.0,,25.0,False,False,False,seam 0(해석) / 0(시뮬 규칙),0.0,10.6,42.0,50.0,60.0,False,500.0,0
M101,2d,국소높이,,,,,,,,5.0,False,False,False,2D·측정 불가,0.0,10.0,20.0,40.0,60.0,False,500.0,0
M101,2d,국소선폭,6.256247333455686,6.852106772237314,6.852106772237314,-0.08696003413079784,,-0.08696003413079784,,10.0,True,True,False,2D 양자화 f=0.81,0.0,10.0,20.0,40.0,60.0,False,500.0,0
M101,2d,길이40,40.82482904638631,40.824829046386306,40.824829046386306,1.7404671430534633e-16,,1.7404671430534633e-16,,25.0,False,False,False,seam 0(해석) / 0(시뮬 규칙),0.0,10.0,20.0,40.0,60.0,False,500.0,0
M102,2d,국소높이,,,,,,,,5.0,False,False,False,2D·측정 불가,0.0,1.7,5.0,15.0,60.0,False,500.0,9
M102,2d,국소선폭,0.6510617106791482,0.7674975589762593,0.7674975589762593,-0.15170842817066568,,-0.15170842817066568,,10.0,True,True,False,2D 양자화 f=0.03,0.0,1.7,5.0,15.0,60.0,False,500.0,9
M102,2d,길이40,40.4804479553607,40.4804479553607,40.4804479553607,0.0,,0.0,,25.0,False,False,False,seam 9(해석) / 9(시뮬 규칙),0.0,1.7,5.0,15.0,60.0,False,500.0,9
M103,2d,국소높이,,,,,,,,5.0,False,False,False,2D·측정 불가,0.0,12.0,35.0,100.0,60.0,False,500.0,0
M103,2d,국소선폭,9.872233171340955,9.848780321657062,9.848780321657062,0.0023812948322465746,,0.0023812948322465746,,10.0,True,True,False,2D 양자화 f=0.34,0.0,12.0,35.0,100.0,60.0,False,500.0,0
M103,2d,길이40,41.182520563948,41.182520563948,41.182520563948,0.0,,0.0,,25.0,False,False,False,seam 0(해석) / 0(시뮬 규칙),0.0,12.0,35.0,100.0,60.0,False,500.0,0
M104,2d,국소높이,,,,,,,,5.0,False,False,False,2D·측정 불가,0.0,7.8,16.0,60.0,60.0,False,500.0,0
M104,2d,국소선폭,5.117004618281717,4.665506726322501,4.665506726322501,0.09677360219242474,,0.09677360219242474,,10.0,True,True,False,2D 양자화 f=0.14,0.0,7.8,16.0,60.0,60.0,False,500.0,0
M104,2d,길이40,40.50382697968181,40.50382697968181,40.50382697968181,0.0,,0.0,,25.0,False,False,False,seam 0(해석) / 0(시뮬 규칙),0.0,7.8,16.0,60.0,60.0,False,500.0,0
M105,2d,국소높이,,,,,,,,5.0,False,False,False,2D·측정 불가,0.0,3.5,7.8,20.0,60.0,False,500.0,1
M105,2d,국소선폭,2.144475365196686,2.2784661141524234,2.2784661141524234,-0.058807435459965605,,-0.058807435459965605,,10.0,True,True,False,2D 양자화 f=0.16,0.0,3.5,7.8,20.0,60.0,False,500.0,1
M105,2d,길이40,40.254399345495976,40.254399345495976,40.254399345495976,0.0,,0.0,,25.0,False,False,False,seam 1(해석) / 1(시뮬 규칙),0.0,3.5,7.8,20.0,60.0,False,500.0,1
M106,2d,국소높이,,,,,,,,5.0,False,False,False,2D·측정 불가,0.0,22.0,40.0,50.0,60.0,False,99.99999999999999,0
M106,2d,국소선폭,12.88947184236251,11.121086595869427,11.121086595869427,0.1590119123026966,,0.1590119123026966,,10.0,False,False,False,2D 양자화 f=0.09,0.0,22.0,40.0,50.0,60.0,False,99.99999999999999,0
M106,2d,길이40,19.6638416050035,19.6638416050035,19.6638416050035,0.0,,0.0,,25.0,True,True,False,seam 0(해석) / 0(시뮬 규칙),0.0,22.0,40.0,50.0,60.0,False,99.99999999999999,0
M107,line_profiler,국소높이,,,,,,,,5.0,False,False,False,depth < 1 mm,3.0,1.0,5.0,100.0,30.0,False,99.99999999999999,28
M107,line_profiler,국소선폭,,,,,,,,10.0,False,False,False,depth < 0.2 mm,3.0,1.0,5.0,100.0,30.0,False,99.99999999999999,28
M107,line_profiler,길이40,13.36662510384228,13.366625103842281,13.366625103842281,-1.3289493986702975e-16,,-1.3289493986702975e-16,,25.0,True,True,False,seam 28(해석) / 28(시뮬 규칙),3.0,1.0,5.0,100.0,30.0,False,99.99999999999999,28
M108,2d,국소높이,,,,,,,,5.0,False,False,False,2D·측정 불가,0.0,13.0,40.0,50.0,60.0,False,500.0,0
M108,2d,국소선폭,6.070540502109163,6.199310320393993,6.199310320393993,-0.020771636138493144,,-0.020771636138493144,,10.0,True,True,False,2D 양자화 f=0.08,0.0,13.0,40.0,50.0,60.0,False,500.0,0
M108,2d,길이40,41.38437708443449,41.38437708443449,41.38437708443449,0.0,,0.0,,25.0,False,False,False,seam 0(해석) / 0(시뮬 규칙),0.0,13.0,40.0,50.0,60.0,False,500.0,0
M109,raster_point,국소높이,16.063666004259403,16.237333238285697,16.237333238285697,-0.010695551509456419,,-0.010695551509456419,,5.0,False,False,False,"n=4, seam 0",10.0,100.0,100.0,200.0,30.0,False,500.0,0
M109,raster_point,국소선폭,68.02848666577924,14.508460766467683,66.97158883621043,3.6888838010306633,초과,0.015781286481848615,,10.0,False,False,False,"s=1.22, 결측틈 위상평균 치우침 +28.78",10.0,100.0,100.0,200.0,30.0,False,500.0,0
M109,raster_point,길이40,90.92121131323904,92.01449161228174,90.92121131323904,-0.011881609949543823,,-0.011881609949543823,,25.0,False,False,False,seam 0(해석) / 0(시뮬 규칙),10.0,100.0,100.0,200.0,30.0,False,500.0,0
M110,raster_point,국소높이,5.848336441171127,5.998012961547324,5.998012961547324,-0.024954350938512188,,-0.024954350938512188,,5.0,False,False,False,"n=16, seam 0",4.0,50.0,45.0,150.0,30.0,False,500.0,0
M110,raster_point,국소선폭,27.9841532071904,5.757064287951738,22.943319883095537,3.8608373656266166,초과,0.21970810457160167,,10.0,False,False,False,"s=1.49, 결측틈 위상평균 치우침 +3.57",4.0,50.0,45.0,150.0,30.0,False,500.0,0
M110,raster_point,길이40,57.15476066494082,58.878405775518985,57.154760664940824,-0.029274656605849228,,-0.029274656605849228,,25.0,False,False,False,seam 0(해석) / 0(시뮬 규칙),4.0,50.0,45.0,150.0,30.0,False,500.0,0
M111,2d,국소높이,,,,,,,,5.0,False,False,False,2D·측정 불가,0.0,180.0,360.0,360.0,60.0,False,99.99999999999999,0
M111,2d,국소선폭,117.05065555882034,119.89122204053595,119.89122204053595,-0.023692864526438803,,-0.023692864526438803,,10.0,False,False,False,2D 양자화 f=0.82,0.0,180.0,360.0,360.0,60.0,False,99.99999999999999,0
M111,2d,길이40,147.18695594379278,147.18695594379278,147.18695594379278,0.0,,0.0,,25.0,False,False,False,seam 0(해석) / 0(시뮬 규칙),0.0,180.0,360.0,360.0,60.0,False,99.99999999999999,0
M112,2d,국소높이,,,,,,,,5.0,False,False,False,2D·측정 불가,0.0,5.0,30.0,50.0,60.0,False,500.0,2
M112,2d,국소선폭,4.410230622380184,4.239684011951749,4.239684011951749,0.04022625505760822,,0.04022625505760822,,10.0,True,True,False,2D 양자화 f=0.61,0.0,5.0,30.0,50.0,60.0,False,500.0,2
M112,2d,길이40,40.82482904638631,40.824829046386306,40.824829046386306,1.7404671430534633e-16,,1.7404671430534633e-16,,25.0,False,False,False,seam 2(해석) / 2(시뮬 규칙),0.0,5.0,30.0,50.0,60.0,False,500.0,2
M113,area,국소높이,22.624673527610035,22.399645222057146,22.399645222057146,0.01004606561050807,,0.01004606561050807,,5.0,False,False,False,"n=278, seam 1",15.0,12.0,50.0,120.0,60.0,False,500.0,1
M113,area,국소선폭,19.30535543859214,10.292191346163492,18.81473475554578,0.875728383711831,초과,0.026076407104370602,,10.0,False,False,False,"s=1.47, 결측틈 위상평균 치우침 -3.31",15.0,12.0,50.0,120.0,60.0,False,500.0,1
M113,area,길이40,42.89522117905443,42.89522117905443,42.89522117905443,0.0,,0.0,,25.0,False,False,False,seam 1(해석) / 1(시뮬 규칙),15.0,12.0,50.0,120.0,60.0,False,500.0,1
M114,indirect,국소높이,,,,,,,,5.0,False,False,False,2D·측정 불가,0.0,,0.0,0.0,60.0,False,500.0,0
M114,indirect,국소선폭,,,,,,,,10.0,False,False,False,측정 불가,0.0,,0.0,0.0,60.0,False,500.0,0
M114,indirect,길이40,,,,,,,,25.0,False,False,False,seam 0(해석) / 0(시뮬 규칙),0.0,,0.0,0.0,60.0,False,500.0,0
M115,area,국소높이,1.375681371883371,1.4912439623912874,1.4912439623912874,-0.07749408776992188,,-0.07749408776992188,,5.0,True,True,False,"n=1600, seam 1",1.0,5.0,10.0,10.0,90.0,False,20.0,1
M115,area,국소선폭,0.9558966052784228,0.5404073960497553,0.9273816677660316,0.7688444167600057,초과,0.03074779080017917,,10.0,True,True,False,"s=1.39, 결측틈 위상평균 치우침 -0.41",1.0,5.0,10.0,10.0,90.0,False,20.0,1
M115,area,길이40,6.650313275828942,6.650313275828942,6.650313275828942,0.0,,0.0,,25.0,True,True,False,seam 1(해석) / 1(시뮬 규칙),1.0,5.0,10.0,10.0,90.0,False,20.0,1
M116,line_profiler,국소높이,2.8177221380364026,2.9231569638705492,2.9231569638705492,-0.036068821187946236,,-0.036068821187946236,,5.0,True,True,False,"n=10000, seam 44",1.5,0.35,1.5,20.0,90.0,False,20.0,44
M116,line_profiler,국소선폭,0.7796556866415476,0.7932776834527621,0.8406469247116314,-0.017171788763708003,,-0.0725527403683844,,10.0,True,True,False,"s=1.37, 결측틈 위상평균 치우침 -0.14",1.5,0.35,1.5,20.0,90.0,False,20.0,44
M116,line_profiler,길이40,13.462045411699764,13.462045411699764,13.462045411699764,0.0,,0.0,,25.0,True,True,False,seam 44(해석) / 44(시뮬 규칙),1.5,0.35,1.5,20.0,90.0,False,20.0,44
M117,indirect,국소높이,,,,,,,,5.0,False,False,False,2D·측정 불가,0.0,,0.0,0.0,60.0,False,20.0,0
M117,indirect,국소선폭,,,,,,,,10.0,False,False,False,측정 불가,0.0,,0.0,0.0,60.0,False,20.0,0
M117,indirect,길이40,,,,,,,,25.0,False,False,False,seam 0(해석) / 0(시뮬 규칙),0.0,,0.0,0.0,60.0,False,20.0,0
M118,indirect,국소높이,,,,,,,,5.0,False,False,False,2D·측정 불가,0.0,,0.0,0.0,60.0,False,20.0,0
M118,indirect,국소선폭,,,,,,,,10.0,False,False,False,측정 불가,0.0,,0.0,0.0,60.0,False,20.0,0
M118,indirect,길이40,,,,,,,,25.0,False,False,False,seam 0(해석) / 0(시뮬 규칙),0.0,,0.0,0.0,60.0,False,20.0,0
M119,area,국소높이,1819.7941009885164,1692.252357900773,1692.252357900773,0.07536803981526616,,0.07536803981526616,,5.0,False,False,False,"n=3, seam 0",1000.0,120.0,500.0,1000.0,60.0,False,500.0,0
M119,area,국소선폭,1546.4031957146158,6583.273066221597,4426960.96544241,-0.7651011616624073,초과,-0.9996506851522329,초과,10.0,False,False,False,"s=0.30, 결측틈 위상평균 치우침 +1192.27",1000.0,120.0,500.0,1000.0,60.0,False,500.0,0
M119,area,길이40,105.83005244258364,105.83005244258362,105.83005244258362,1.3427995533605042e-16,,1.3427995533605042e-16,,25.0,False,False,False,seam 0(해석) / 0(시뮬 규칙),1000.0,120.0,500.0,1000.0,60.0,False,500.0,0
M120,point_probe,국소높이,,,,,,,,5.0,False,False,False,점 측정(1점/칸),400.0,5000.0,6350.0,6350.0,10.0,True,99.99999999999999,0
M120,point_probe,국소선폭,,,,,,,,10.0,False,False,False,볼 지름 > 0.4 mm,400.0,5000.0,6350.0,6350.0,10.0,True,99.99999999999999,0
M120,point_probe,길이40,8733.845888267093,1131.3991338161788,8733.845888267093,6.719509081475135,초과,6.719509081475135,초과,25.0,False,False,False,seam 0(해석) / 3(시뮬 규칙),400.0,5000.0,6350.0,6350.0,10.0,True,99.99999999999999,0
M121,raster_point,국소높이,9.08857304059656,8.55413184995184,8.55413184995184,0.062477548864029696,,0.062477548864029696,,5.0,False,False,False,"n=3, seam 0",5.0,125.0,250.0,250.0,10.0,False,99.99999999999999,0
M121,raster_point,국소선폭,660.1612908220008,15.916446641038059,903.1233141123244,40.47667539813054,초과,-0.2690241958033492,,10.0,False,False,False,"s=0.65, 결측틈 위상평균 치우침 +216.80",5.0,125.0,250.0,250.0,10.0,False,99.99999999999999,0
M121,raster_point,길이40,102.3751271875482,103.34731088260916,102.37512718754817,-0.009406956859915333,,-0.009406956859915333,,25.0,False,False,False,seam 0(해석) / 0(시뮬 규칙),5.0,125.0,250.0,250.0,10.0,False,99.99999999999999,0
M122,raster_point,국소높이,,,,,,,,5.0,False,False,False,칸 점유 < 50 %,1.0,500.0,5500.0,2750.0,5.0,False,99.99999999999999,0
M122,raster_point,국소선폭,6675.262620114212,1043.7302611532064,7291.441219428323,5.395582142783506,초과,-0.08450710645136654,,10.0,False,False,False,"s=0.00, 결측틈 위상평균 치우침 +6166.66",1.0,500.0,5500.0,2750.0,5.0,False,99.99999999999999,0
M122,raster_point,길이40,408.326666612244,408.57149517148974,408.326666612244,-0.0005992306417337223,,-0.0005992306417337223,,25.0,False,False,False,seam 0(해석) / 0(시뮬 규칙),1.0,500.0,5500.0,2750.0,5.0,False,99.99999999999999,0
M123,indirect,국소높이,,,,,,,,5.0,False,False,False,2D·측정 불가,0.0,500.0,5000.0,5000.0,60.0,False,99.99999999999999,7
M123,indirect,국소선폭,,,,,,,,10.0,False,False,False,측정 불가,0.0,500.0,5000.0,5000.0,60.0,False,99.99999999999999,7
M123,indirect,길이40,,,,,,,,25.0,False,False,False,seam 7(해석) / 7(시뮬 규칙),0.0,500.0,5000.0,5000.0,60.0,False,99.99999999999999,7
