id,name,mode,access,cost_krw,safety,xy_step_um,fov_mm,time_min,pass_budget,pass_safety,pass_gcode,pass_feasible,time_min_feasible,사유,rule_ok
M01,CMM(접촉 프로브),point_probe,outsource,250000.0,없음,1000.0,1000.0,60.0,통과,통과,통과,통과,60.0,"예산: 의뢰 1회 250,000원 ≤ 300,000원",True
M02,촉침식 형상·거칠기 측정기,line_profiler,lab,50000.0,없음,1.0,55.0,60.0,통과,통과,통과,탈락,140000.0,"예산(lab): 50,000원 ≤ 5,000,000원; 실현성: 선 단면 장비 면 래스터 140,000분 > 480분",False
M03,프린터 자체 Z 프로브 격자 측정,raster_point,own,50000.0,없음,1000.0,200.0,40.0,통과,통과,통과,통과,40.0,"예산(own): 50,000원 ≤ 5,000,000원",True
M04,수동 계측,point_probe,own,900000.0,없음,5000.0,150.0,20.0,통과,통과,통과,통과,20.0,"예산(own): 900,000원 ≤ 5,000,000원",True
M05,레이저 삼각측량 라인 (자작),area,own,2400000.0,Class 2 (≤1 mW 가시광),20.0,19.9,2.0,통과,통과,조건부,통과,2.0,"예산(own): 2,400,000원 ≤ 5,000,000원; G코드: fov 19.9 mm < 20 mm → 이어 붙이기·래스터 필요",True
M06,상용 레이저 라인 프로파일러,area,own,9450000.0,Class 2M (405 nm 10 mW),10.0,27.5,1.0,탈락,통과,통과,통과,1.0,"예산(own): 9,450,000원 > 5,000,000원",False
M07,레이저 변위 점 센서 + 래스터,raster_point,own,2500000.0,Class 2 (670 nm <1 mW),40.0,0.05,25.0,통과,통과,조건부,통과,25.0,"예산(own): 2,500,000원 ≤ 5,000,000원; G코드: fov 0.05 mm < 20 mm → 이어 붙이기·래스터 필요",True
M08,크로마틱 공초점 점 센서 + 래스터,raster_point,own,6900000.0,레이저 없음 (백색광 LED),20.0,0.025,45.0,탈락,통과,조건부,통과,45.0,"예산(own): 6,900,000원 > 5,000,000원; G코드: fov 0.025 mm < 20 mm → 이어 붙이기·래스터 필요",False
M09,크로마틱 공초점 라인 센서,area,own,59000000.0,레이저 없음 (LED 광원 추정),10.0,17.0,2.0,탈락,통과,조건부,통과,2.0,"예산(own): 59,000,000원 > 5,000,000원; G코드: fov 17 mm < 20 mm → 이어 붙이기·래스터 필요",False
M10,광간섭 단층촬영(OCT),area,own,16800000.0,SLD 840 nm (Class 1 추정),10.0,5.0,20.0,탈락,통과,조건부,통과,20.0,"예산(own): 16,800,000원 > 5,000,000원; G코드: fov 5 mm < 20 mm → 이어 붙이기·래스터 필요",False
M11,구조광(프린지 투영) 자작,area,own,4800000.0,없음(LED 가시광),18.8,38.0,3.0,통과,통과,통과,통과,3.0,"예산(own): 4,800,000원 ≤ 5,000,000원",True
M12,상용 구조광 3D 스캐너,area,own,1200000.0,Class 1 청색광,20.0,52.0,20.0,통과,통과,통과,통과,20.0,"예산(own): 1,200,000원 ≤ 5,000,000원",True
M13,사진측량·스테레오 (다시점 근접 사진),area,own,3900000.0,없음,16.0,47.0,90.0,통과,통과,통과,통과,90.0,"예산(own): 3,900,000원 ≤ 5,000,000원",True
M14,초점 변화 현미경,area,lab,200000.0,없음,1.76,2.8,45.0,통과,통과,조건부,통과,45.0,"예산(lab): 200,000원 ≤ 5,000,000원; G코드: fov 2.8 mm < 20 mm → 이어 붙이기·래스터 필요",True
M15,백색광 간섭계(CSI),area,lab,200000.0,없음(제진대 필요),3.13,3.75,30.0,통과,통과,조건부,통과,30.0,"예산(lab): 200,000원 ≤ 5,000,000원; G코드: fov 3.75 mm < 20 mm → 이어 붙이기·래스터 필요",True
M16,레이저 주사 공초점 현미경,area,lab,350000.0,"Class 2 레이저(405 nm), 별도 허가 불필요",2.5,2.56,120.0,통과,통과,조건부,통과,120.0,"예산(lab): 350,000원 ≤ 5,000,000원; G코드: fov 2.56 mm < 20 mm → 이어 붙이기·래스터 필요",True
M17,깊이 카메라,area,own,500000.0,"투광기 없는 수동 스테레오, 허가 불필요",157.0,133.0,1.0,통과,통과,통과,통과,1.0,"예산(own): 500,000원 ≤ 5,000,000원",True
M18,자작 초점 적층,area,own,2900000.0,"LED 조명만 사용, 허가 불필요",1.1,1.35,180.0,통과,통과,조건부,통과,180.0,"예산(own): 2,900,000원 ≤ 5,000,000원; G코드: fov 1.35 mm < 20 mm → 이어 붙이기·래스터 필요",True
M19,광도 스테레오,area,own,4180000.0,"LED 조명만 사용, 허가 불필요",5.5,13.5,10.0,통과,통과,조건부,통과,10.0,"예산(own): 4,180,000원 ≤ 5,000,000원; G코드: fov 13.5 mm < 20 mm → 이어 붙이기·래스터 필요",True
M20,평판 스캐너 2400–4800 dpi,2d,own,650000.0,없음,5.3,216.0,5.0,통과,통과,통과,통과,5.0,"예산(own): 650,000원 ≤ 5,000,000원",True
M21,텔레센트릭 렌즈 머신비전 + 백라이트,2d,own,4300000.0,없음,19.0,46.0,5.0,통과,통과,통과,통과,5.0,"예산(own): 4,300,000원 ≤ 5,000,000원",True
M22,디지털·USB 현미경 2D,2d,own,1800000.0,없음,3.0,7.8,30.0,통과,통과,조건부,통과,30.0,"예산(own): 1,800,000원 ≤ 5,000,000원; G코드: fov 7.8 mm < 20 mm → 이어 붙이기·래스터 필요",True
M23,산업용 X선 CT (외부 의뢰),area,outsource,310000.0,"X선: 연구실 운용 불가, 허가 기관 의뢰만",25.0,45.0,120.0,탈락,통과,통과,통과,120.0,"예산: 의뢰 1회 310,000원 > 300,000원; 안전: 'X선' 해당이나 outsource (자체 운용 아님)",False
M24,비전 측정기(VMM 영상측정기) 2D + Z 초점,point_probe,lab,60000.0,없음,4.0,2.5,60.0,통과,통과,조건부,통과,60.0,"예산(lab): 60,000원 ≤ 5,000,000원; G코드: fov 2.5 mm < 20 mm → 이어 붙이기·래스터 필요",True
M25,다중 센서 CMM(광학 + 접촉),point_probe,outsource,250000.0,없음,1000.0,200.0,90.0,통과,통과,통과,통과,90.0,"예산: 의뢰 1회 250,000원 ≤ 300,000원",True
M26,윤곽 형상 측정기(Contracer),line_profiler,lab,50000.0,없음,1.0,100.0,40.0,통과,통과,통과,탈락,140000.0,"예산(lab): 50,000원 ≤ 5,000,000원; 실현성: 선 단면 장비 면 래스터 140,000분 > 480분",False
M27,관절형 CMM 암 + 레이저 라인 프로브,area,outsource,300000.0,"Class 2 레이저, 허가 불필요",40.0,80.0,30.0,통과,통과,통과,통과,30.0,"예산: 의뢰 1회 300,000원 ≤ 300,000원",True
M28,접촉식 디지털 변위 센서 + 프린터 축 래스터,raster_point,own,1000000.0,없음,500.0,250.0,30.0,통과,통과,통과,통과,30.0,"예산(own): 1,000,000원 ≤ 5,000,000원",True
M29,1 µm 디지털 인디케이터 + 프린터 축 래스터,raster_point,own,650000.0,없음,1000.0,250.0,45.0,통과,통과,통과,통과,45.0,"예산(own): 650,000원 ≤ 5,000,000원",True
M30,정밀 리니어 게이지 + 프린터 축 래스터,raster_point,own,1620000.0,없음,500.0,250.0,30.0,통과,통과,통과,통과,30.0,"예산(own): 1,620,000원 ≤ 5,000,000원",True
M31,디지털 하이트게이지 + 정반,point_probe,own,4695200.0,없음,5000.0,300.0,30.0,통과,통과,통과,통과,30.0,"예산(own): 4,695,200원 ≤ 5,000,000원",True
M32,휴대형 표면 거칠기 측정기(단면),line_profiler,own,3180000.0,없음,2.0,16.0,30.0,통과,통과,조건부,탈락,70000.0,"예산(own): 3,180,000원 ≤ 5,000,000원; G코드: fov 16 mm < 20 mm → 이어 붙이기·래스터 필요; 실현성: 선 단면 장비 면 래스터 70,000분 > 480분",False
M33,스캐닝 프로브 CMM(연속 스캐닝),line_profiler,outsource,116000.0,없음,20.0,1000.0,90.0,통과,통과,통과,탈락,7000.0,"예산: 의뢰 1회 116,000원 ≤ 300,000원; 실현성: 선 단면 장비 면 래스터 7,000분 > 480분",False
M34,광학 비교기(프로파일 프로젝터),2d,lab,30000.0,없음,10.0,30.6,40.0,통과,통과,통과,통과,40.0,"예산(lab): 30,000원 ≤ 5,000,000원",True
M35,레이저 스캔 마이크로미터(광학 마이크로미터),2d,own,9233000.0,없음(LED 광원),10.0,30.0,10.0,탈락,통과,통과,통과,10.0,"예산(own): 9,233,000원 > 5,000,000원",False
M36,원자현미경(AFM),area,lab,82200.0,없음,0.18,0.09,987650.0,통과,통과,조건부,탈락,987650.0,"예산(lab): 82,200원 ≤ 5,000,000원; G코드: fov 0.09 mm < 20 mm → 이어 붙이기·래스터 필요; 실현성: 987,650분 > 480분",False
M37,공구 현미경(측정 현미경),2d,lab,20000.0,없음,3.0,6.5,60.0,통과,통과,조건부,통과,60.0,"예산(lab): 20,000원 ≤ 5,000,000원; G코드: fov 6.5 mm < 20 mm → 이어 붙이기·래스터 필요",True
M38,Keyence LJ-X8020,area,own,19320000.0,"Class 2M (405 nm, 10 mW)",2.5,7.0,3.0,탈락,통과,조건부,통과,3.0,"예산(own): 19,320,000원 > 5,000,000원; G코드: fov 7 mm < 20 mm → 이어 붙이기·래스터 필요",False
M39,Keyence LJ-V7020 (구형·중고),area,own,3800000.0,"Class 2M (405 nm, 10 mW)",10.0,6.5,4.0,통과,통과,조건부,통과,4.0,"예산(own): 3,800,000원 ≤ 5,000,000원; G코드: fov 6.5 mm < 20 mm → 이어 붙이기·래스터 필요",True
M40,LMI Gocator 2510 (중고),area,own,3220000.0,Class 2 (405 nm),8.0,13.0,2.0,통과,통과,조건부,통과,2.0,"예산(own): 3,220,000원 ≤ 5,000,000원; G코드: fov 13 mm < 20 mm → 이어 붙이기·래스터 필요",True
M41,LMI Gocator 2520 (신품),area,own,12200000.0,Class 2 (405 nm),13.0,25.0,1.0,탈락,통과,통과,통과,1.0,"예산(own): 12,200,000원 > 5,000,000원",False
M42,Micro-Epsilon scanCONTROL 3002-25,area,own,12600000.0,"Class 2M (405 nm, ≤10 mW)",23.0,23.0,1.0,탈락,통과,통과,통과,1.0,"예산(own): 12,600,000원 > 5,000,000원",False
M43,Wenglor weCat3D MLWL131,area,own,37950000.0,"Class 2 (405 nm, 제조사 표기; 판매처는 2M 표기)",17.0,30.0,1.0,탈락,통과,통과,통과,1.0,"예산(own): 37,950,000원 > 5,000,000원",False
M44,Cognex DSMax 3D (DSMax32T),area,own,25200000.0,Class 2M (파장 미확인),14.6,30.0,1.0,탈락,통과,통과,통과,1.0,"예산(own): 25,200,000원 > 5,000,000원",False
M45,Hikrobot 중국산 저가 레이저 라인 프로파일러,area,own,4900000.0,Class 3R (405 nm) — 운용 규정 확인 필요,13.2,27.0,1.0,통과,통과,통과,통과,1.0,"예산(own): 4,900,000원 ≤ 5,000,000원",True
M46,SmartRay ECCO 95.020,area,own,12600000.0,"Class 2 (450 nm, 3R 판도 있음)",11.5,22.0,1.0,탈락,통과,통과,통과,1.0,"예산(own): 12,600,000원 > 5,000,000원",False
M47,Riftek RF627,area,own,7700000.0,Class 2M (405 nm),16.0,20.0,1.0,탈락,통과,통과,통과,1.0,"예산(own): 7,700,000원 > 5,000,000원",False
M48,LMI Gocator 2410 (고해상 소형 시야),area,own,16800000.0,"Class 2M (405 nm) 선택, 권장 3R",6.0,10.0,3.0,탈락,통과,조건부,통과,3.0,"예산(own): 16,800,000원 > 5,000,000원; G코드: fov 10 mm < 20 mm → 이어 붙이기·래스터 필요",False
M49,레이저 삼각측량 자작 — 텔레센트릭 + 샤임플러그,area,own,5800000.0,Class 2 (≤1 mW 가시광),10.0,24.3,2.0,탈락,통과,통과,통과,2.0,"예산(own): 5,800,000원 > 5,000,000원",False
M50,레이저 삼각측량 자작 — 12 MP 카메라 + 매크로,area,own,3700000.0,Class 2 (≤1 mW 가시광),10.0,28.3,4.0,통과,통과,통과,통과,4.0,"예산(own): 3,700,000원 ≤ 5,000,000원",True
M51,레이저 삼각측량 자작 — 스펙클 저감 광원 (LED 라인),area,own,3200000.0,"레이저 없음 (청색 LED, 청색광 위해 RG1~2 추정)",20.0,19.9,4.0,통과,통과,조건부,통과,4.0,"예산(own): 3,200,000원 ≤ 5,000,000원; G코드: fov 19.9 mm < 20 mm → 이어 붙이기·래스터 필요",True
M52,레이저 삼각측량 자작 — 카메라 2대 양방향,area,own,4000000.0,Class 2 (≤1 mW 가시광),20.0,19.9,2.0,통과,통과,조건부,통과,2.0,"예산(own): 4,000,000원 ≤ 5,000,000원; G코드: fov 19.9 mm < 20 mm → 이어 붙이기·래스터 필요",True
M53,레이저 삼각측량 자작 — 웹캠 + 라인 레이저 저가판,area,own,150000.0,Class 2 (≤1 mW 가시광),50.0,30.3,2.0,통과,통과,통과,통과,2.0,"예산(own): 150,000원 ≤ 5,000,000원",True
M54,노즐 장착 라인 레이저 (공정 중 층별),area,own,500000.0,Class 2 (≤1 mW 가시광),20.0,20.2,1.0,통과,통과,통과,통과,1.0,"예산(own): 500,000원 ≤ 5,000,000원",True
M55,Keyence LK-G5000 + LK-H008 (고정밀 삼각측량 점),raster_point,own,8200000.0,Class 1 (IEC 60825-1),20.0,0.02,45.0,탈락,통과,조건부,통과,45.0,"예산(own): 8,200,000원 > 5,000,000원; G코드: fov 0.02 mm < 20 mm → 이어 붙이기·래스터 필요",False
M56,Keyence CL-3000 (크로마틱 공초점 점),raster_point,own,7600000.0,Class 1 (Keyence 표기),20.0,0.025,45.0,탈락,통과,조건부,통과,45.0,"예산(own): 7,600,000원 > 5,000,000원; G코드: fov 0.025 mm < 20 mm → 이어 붙이기·래스터 필요",False
M57,Micro-Epsilon confocalDT IFS2405,raster_point,own,3430000.0,레이저 없음 (백색광 LED),20.0,0.009,45.0,통과,통과,조건부,통과,45.0,"예산(own): 3,430,000원 ≤ 5,000,000원; G코드: fov 0.009 mm < 20 mm → 이어 붙이기·래스터 필요",True
M58,Panasonic HG-C1030 (저가 삼각측량 점),raster_point,own,870000.0,Class 2 (655 nm 최대 1 mW),50.0,0.05,20.0,통과,통과,조건부,통과,20.0,"예산(own): 870,000원 ≤ 5,000,000원; G코드: fov 0.05 mm < 20 mm → 이어 붙이기·래스터 필요",True
M59,Omron ZW-8000 (공초점),raster_point,own,47300000.0,LED Risk Group 1 + Class 1,20.0,0.01,45.0,탈락,통과,조건부,통과,45.0,"예산(own): 47,300,000원 > 5,000,000원; G코드: fov 0.01 mm < 20 mm → 이어 붙이기·래스터 필요",False
M60,Precitec CHRocodile 2 S (공초점 점),raster_point,own,8870000.0,레이저 없음 (LED 광원),20.0,0.012,45.0,탈락,통과,조건부,통과,45.0,"예산(own): 8,870,000원 > 5,000,000원; G코드: fov 0.012 mm < 20 mm → 이어 붙이기·래스터 필요",False
M61,Optimet ConoProbe (코노스코픽 홀로그래피),raster_point,own,4050000.0,Class 2 (655 nm),25.0,0.027,36.0,통과,통과,조건부,통과,36.0,"예산(own): 4,050,000원 ≤ 5,000,000원; G코드: fov 0.027 mm < 20 mm → 이어 붙이기·래스터 필요",True
M62,Keyence SI-F (분광 간섭 변위계),raster_point,own,28500000.0,Class 1 (820 nm SLD),40.0,0.04,23.0,탈락,통과,조건부,통과,23.0,"예산(own): 28,500,000원 > 5,000,000원; G코드: fov 0.04 mm < 20 mm → 이어 붙이기·래스터 필요",False
M63,Micro-Epsilon interferoMETER (백색광 간섭 점),raster_point,own,35500000.0,Class 1 (840 nm SLED),20.0,0.01,45.0,탈락,통과,조건부,통과,45.0,"예산(own): 35,500,000원 > 5,000,000원; G코드: fov 0.01 mm < 20 mm → 이어 붙이기·래스터 필요",False
M64,Thorlabs Ganymede SD-OCT,area,own,70000000.0,Class 1 추정 (근적외 SLD),10.0,10.0,8.0,탈락,통과,조건부,통과,8.0,"예산(own): 70,000,000원 > 5,000,000원; G코드: fov 10 mm < 20 mm → 이어 붙이기·래스터 필요",False
M65,Precitec CHRocodile CLS 2 (공초점 라인),line_profiler,own,80000000.0,레이저 다이오드 광원(등급 공개값 미확인),3.69,4.4,10.0,탈락,통과,조건부,탈락,37940.37940379404,"예산(own): 80,000,000원 > 5,000,000원; G코드: fov 4.4 mm < 20 mm → 이어 붙이기·래스터 필요; 실현성: 선 단면 장비 면 래스터 37,940분 > 480분",False
M66,Keyence VR-6000 광역 3D 측정기 (의뢰),area,outsource,300000.0,없음(LED 가시광),11.7,18.0,10.0,통과,통과,조건부,통과,10.0,"예산: 의뢰 1회 300,000원 ≤ 300,000원; G코드: fov 18 mm < 20 mm → 이어 붙이기·래스터 필요",True
M67,Keyence VR-3000 계열 (구형·중고),area,own,25200000.0,없음(LED 가시광),11.7,18.0,10.0,탈락,통과,조건부,통과,10.0,"예산(own): 25,200,000원 > 5,000,000원; G코드: fov 18 mm < 20 mm → 이어 붙이기·래스터 필요",False
M68,LMI Gocator 3504 (스냅샷 구조광),area,own,25200000.0,없음(청색 LED),7.0,12.1,10.0,탈락,통과,조건부,통과,10.0,"예산(own): 25,200,000원 > 5,000,000원; G코드: fov 12.1 mm < 20 mm → 이어 붙이기·래스터 필요",False
M69,Zivid 2+ M60,area,own,16800000.0,IEC 62471-5 위험군 2(LED 프로젝터),122.0,230.0,5.0,탈락,통과,통과,통과,5.0,"예산(own): 16,800,000원 > 5,000,000원",False
M70,Photoneo PhoXi 3D Scanner S,area,own,17900000.0,레이저 Class 3R(638 nm),174.0,272.0,5.0,탈락,통과,통과,통과,5.0,"예산(own): 17,900,000원 > 5,000,000원",False
M71,Shining3D EinScan SP V2,area,own,2940000.0,없음(백색 LED),170.0,150.0,15.0,통과,통과,통과,통과,15.0,"예산(own): 2,940,000원 ≤ 5,000,000원",True
M72,Shining3D AutoScan Inspec2,area,own,14000000.0,없음(청색 LED),50.0,90.0,15.0,탈락,통과,통과,통과,15.0,"예산(own): 14,000,000원 > 5,000,000원",False
M73,ZEISS/GOM ATOS Q (의뢰),area,outsource,150000.0,없음(청색 LED),30.0,70.0,30.0,통과,통과,통과,통과,30.0,"예산: 의뢰 1회 150,000원 ≤ 300,000원",True
M74,Creaform HandySCAN·MetraSCAN (의뢰),area,outsource,105000.0,레이저 Class 2M,25.0,300.0,20.0,통과,통과,통과,통과,20.0,"예산: 의뢰 1회 105,000원 ≤ 300,000원",True
M75,Creality CR-Scan 계열 저가 스캐너,area,own,1540000.0,Class 1 레이저(청색 7선),20.0,100.0,20.0,통과,통과,통과,통과,20.0,"예산(own): 1,540,000원 ≤ 5,000,000원",True
M76,3Shape E 계열 치과 기공 스캐너,area,own,18200000.0,없음(청색 LED),40.0,100.0,10.0,탈락,통과,통과,통과,10.0,"예산(own): 18,200,000원 > 5,000,000원",False
M77,Medit T710 치과 기공 스캐너,area,own,14400000.0,없음(청색 LED),40.0,73.0,10.0,탈락,통과,통과,통과,10.0,"예산(own): 14,400,000원 > 5,000,000원",False
M78,Polyga Compact S1,area,own,9790000.0,없음(LED 구조광),85.0,80.0,15.0,탈락,통과,통과,통과,15.0,"예산(own): 9,790,000원 > 5,000,000원",False
M79,Keyence VL 계열 3D 스캐너형 측정기,area,lab,150000.0,없음(청색 LED),25.0,50.0,15.0,통과,통과,통과,통과,15.0,"예산(lab): 150,000원 ≤ 5,000,000원",True
M80,Sensofar S neox (공초점·간섭·초점 겸용),area,lab,200000.0,없음(제진대 권장),1.38,2.83,45.0,통과,통과,조건부,통과,45.0,"예산(lab): 200,000원 ≤ 5,000,000원; G코드: fov 2.83 mm < 20 mm → 이어 붙이기·래스터 필요",True
M81,Bruker ContourX (백색광 간섭),area,lab,200000.0,없음(진동 내성 설계),2.6,2.6,60.0,통과,통과,조건부,통과,60.0,"예산(lab): 200,000원 ≤ 5,000,000원; G코드: fov 2.6 mm < 20 mm → 이어 붙이기·래스터 필요",True
M82,Keyence VHX-7000 디지털 현미경 3D (초점 합성),area,lab,136000.0,없음,1.06,2.28,35.0,통과,통과,조건부,통과,35.0,"예산(lab): 136,000원 ≤ 5,000,000원; G코드: fov 2.28 mm < 20 mm → 이어 붙이기·래스터 필요",True
M83,Olympus/Evident DSX1000 디지털 현미경 3D,area,lab,150000.0,없음,1.6,1.94,50.0,통과,통과,조건부,통과,50.0,"예산(lab): 150,000원 ≤ 5,000,000원; G코드: fov 1.94 mm < 20 mm → 이어 붙이기·래스터 필요",True
M84,Zygo ZeGage Pro (백색광 간섭),area,lab,200000.0,"없음(외부 제진 불필요, VC-A 권장)",3.13,3.75,35.0,통과,통과,조건부,통과,35.0,"예산(lab): 200,000원 ≤ 5,000,000원; G코드: fov 3.75 mm < 20 mm → 이어 붙이기·래스터 필요",True
M85,Nanovea 크로마틱 공초점 프로파일로미터 (의뢰),area,outsource,400000.0,없음(백색광),10.0,150.0,30.0,탈락,통과,통과,통과,30.0,"예산: 의뢰 1회 400,000원 > 300,000원",False
M86,Cyber Technologies CT 계열 공초점 면 측정기 (의뢰),area,outsource,400000.0,없음(백색광),10.0,150.0,30.0,탈락,통과,통과,통과,30.0,"예산: 의뢰 1회 400,000원 > 300,000원",False
M87,Taylor Hobson CCI HD (간섭),area,lab,300000.0,없음(제진대 필요),1.6,3.3,45.0,통과,통과,조건부,통과,45.0,"예산(lab): 300,000원 ≤ 5,000,000원; G코드: fov 3.3 mm < 20 mm → 이어 붙이기·래스터 필요",True
M88,Filmetrics Profilm3D (저가 백색광 간섭),area,own,35000000.0,없음(제진 권장),6.2,3.4,60.0,탈락,통과,조건부,통과,60.0,"예산(own): 35,000,000원 > 5,000,000원; G코드: fov 3.4 mm < 20 mm → 이어 붙이기·래스터 필요",False
M89,구조광 자작 저가 (소형 프로젝터 + 웹캠),area,own,630000.0,없음(LED 가시광),37.0,40.0,3.0,통과,통과,통과,통과,3.0,"예산(own): 630,000원 ≤ 5,000,000원",True
M90,마이크로 프린지 투영 자작 (현미경 구조광),area,own,3570000.0,없음(LED 가시광),3.3,6.0,30.0,통과,통과,조건부,통과,30.0,"예산(own): 3,570,000원 ≤ 5,000,000원; G코드: fov 6 mm < 20 mm → 이어 붙이기·래스터 필요",True
M91,그림자 모아레(shadow moiré) 자작,area,own,2240000.0,없음(LED 가시광),18.0,38.0,2.0,통과,통과,통과,통과,2.0,"예산(own): 2,240,000원 ≤ 5,000,000원",True
M92,스테레오 현미경 + 카메라 2대 3D 자작,area,own,4340000.0,없음,4.9,10.0,20.0,통과,통과,조건부,통과,20.0,"예산(own): 4,340,000원 ≤ 5,000,000원; G코드: fov 10 mm < 20 mm → 이어 붙이기·래스터 필요",True
M93,디지털 홀로그래픽 현미경 (DHM),area,outsource,300000.0,저출력 레이저 내장(등급 미확인),4.9,5.0,10.0,통과,통과,조건부,통과,10.0,"예산: 의뢰 1회 300,000원 ≤ 300,000원; G코드: fov 5 mm < 20 mm → 이어 붙이기·래스터 필요",True
M94,라이트필드 3D 카메라 (Raytrix),area,own,30000000.0,없음,14.0,30.0,1.0,탈락,통과,통과,통과,1.0,"예산(own): 30,000,000원 > 5,000,000원",False
M95,편향측정법(deflectometry) 자작,area,own,2600000.0,없음(모니터·LED 가시광),18.0,45.0,10.0,통과,통과,통과,통과,10.0,"예산(own): 2,600,000원 ≤ 5,000,000원",True
M96,스마트폰 + 매크로 초점 적층,area,own,700000.0,없음(LED 조명),2.0,8.0,40.0,통과,통과,조건부,통과,40.0,"예산(own): 700,000원 ≤ 5,000,000원; G코드: fov 8 mm < 20 mm → 이어 붙이기·래스터 필요",True
M97,실루엣 회전 스캔(shape-from-silhouette) 자작,line_profiler,own,5500000.0,없음(LED 백라이트),18.8,46.0,15.0,탈락,통과,통과,탈락,7446.808510638297,"예산(own): 5,500,000원 > 5,000,000원; 실현성: 선 단면 장비 면 래스터 7,447분 > 480분",False
M98,초점 흐림 깊이 추정(depth-from-defocus) 자작,area,own,4400000.0,없음(LED 조명),6.9,16.9,10.0,통과,통과,조건부,통과,10.0,"예산(own): 4,400,000원 ≤ 5,000,000원; G코드: fov 16.9 mm < 20 mm → 이어 붙이기·래스터 필요",True
M99,고해상 평판 스캐너 (Epson V850 Pro),2d,own,1120000.0,없음,5.3,216.0,5.0,통과,통과,통과,통과,5.0,"예산(own): 1,120,000원 ≤ 5,000,000원",True
M100,CIS 라인 센서 모듈 + 프린터 축 자작,2d,own,250000.0,없음,10.6,216.0,3.0,통과,통과,통과,통과,3.0,"예산(own): 250,000원 ≤ 5,000,000원",True
M101,라인스캔 카메라 + 프린터 축 이동,2d,own,2250000.0,없음,10.0,41.0,3.0,통과,통과,통과,통과,3.0,"예산(own): 2,250,000원 ≤ 5,000,000원",True
M102,전동 XY 스테이지 + 현미경 자동 타일 촬영,2d,own,5700000.0,없음,1.7,4.2,15.0,탈락,통과,조건부,통과,15.0,"예산(own): 5,700,000원 > 5,000,000원; G코드: fov 4.2 mm < 20 mm → 이어 붙이기·래스터 필요",False
M103,스마트폰 + 매크로 렌즈 2D,2d,own,50000.0,없음,12.0,48.0,5.0,통과,통과,통과,통과,5.0,"예산(own): 50,000원 ≤ 5,000,000원",True
M104,미러리스 카메라 + 매크로 2D (정사영 보정),2d,own,3100000.0,없음,7.8,47.0,5.0,통과,통과,통과,통과,5.0,"예산(own): 3,100,000원 ≤ 5,000,000원",True
M105,필름 스캐너 투과 실루엣,2d,own,600000.0,없음,3.5,24.0,10.0,통과,통과,통과,통과,10.0,"예산(own): 600,000원 ≤ 5,000,000원",True
M106,X선 2D 투과 영상 (의뢰),2d,outsource,156000.0,"X선: 연구실 운용 불가, 허가 기관 의뢰만",22.0,45.0,30.0,통과,통과,통과,통과,30.0,"예산: 의뢰 1회 156,000원 ≤ 300,000원; 안전: 'X선' 해당이나 outsource (자체 운용 아님)",True
M107,광 절단 현미경,line_profiler,own,4500000.0,없음,1.0,1.4,30.0,통과,통과,조건부,탈락,140000.0,"예산(own): 4,500,000원 ≤ 5,000,000원; G코드: fov 1.4 mm < 20 mm → 이어 붙이기·래스터 필요; 실현성: 선 단면 장비 면 래스터 140,000분 > 480분",False
M108,프린터 내장 층별 카메라 2D (G코드 층 마스크 비교),2d,own,450000.0,없음,13.0,40.0,0.5,통과,통과,통과,통과,0.5,"예산(own): 450,000원 ≤ 5,000,000원",True
M109,Bambu Lab X1 마이크로 라이다 (첫 층 검사),raster_point,own,1680000.0,Class 2 추정(가시광 저출력),100.0,5.0,1.0,통과,통과,조건부,통과,1.0,"예산(own): 1,680,000원 ≤ 5,000,000원; G코드: fov 5 mm < 20 mm → 이어 붙이기·래스터 필요",True
M110,노즐 장착 점 레이저 센서 층별 높이,raster_point,own,2500000.0,Class 2 (670 nm <1 mW),50.0,0.05,20.0,통과,통과,조건부,통과,20.0,"예산(own): 2,500,000원 ≤ 5,000,000원; G코드: fov 0.05 mm < 20 mm → 이어 붙이기·래스터 필요",True
M111,열화상 카메라 층별 윤곽,2d,own,7000000.0,없음,180.0,69.0,1.0,탈락,통과,통과,통과,1.0,"예산(own): 7,000,000원 > 5,000,000원",False
M112,노즐 옆 측면 카메라 비드 폭 측정,2d,own,250000.0,없음,5.0,15.0,0.5,통과,통과,조건부,통과,0.5,"예산(own): 250,000원 ≤ 5,000,000원; G코드: fov 15 mm < 20 mm → 이어 붙이기·래스터 필요",True
M113,프린터 내장 구조광 층별 측정,area,own,880000.0,없음(LED 가시광),12.0,37.0,1.0,통과,통과,통과,통과,1.0,"예산(own): 880,000원 ≤ 5,000,000원",True
M114,필라멘트 유량 인코더 (압출량 간접 지표),indirect,own,30000.0,없음,,,0.0,통과,통과,탈락,통과,0.0,"예산(own): 30,000원 ≤ 5,000,000원; G코드: XY 점 좌표 없음(xy_step 없음) → 좌표계 정합 불가",False
M115,고해상 마이크로 CT(복셀 ≤ 5 µm),area,outsource,2400000.0,"X선: 연구실 운용 불가, 허가 기관 의뢰만",5.0,24.5,960.0,탈락,통과,통과,탈락,960.0,"예산: 의뢰 1회 2,400,000원 > 300,000원; 안전: 'X선' 해당이나 outsource (자체 운용 아님); 실현성: 960분 > 480분",False
M116,절단·연마 단면 + 현미경,line_profiler,lab,100000.0,없음(절단기 일반 안전 수칙),0.35,0.9,240.0,통과,통과,조건부,탈락,400000.0,"예산(lab): 100,000원 ≤ 5,000,000원; G코드: fov 0.9 mm < 20 mm → 이어 붙이기·래스터 필요; 실현성: 선 단면 장비 면 래스터 400,000분 > 480분",False
M117,정밀 저울 질량(체적 편차),indirect,own,4400000.0,없음,,,5.0,통과,통과,탈락,통과,5.0,"예산(own): 4,400,000원 ≤ 5,000,000원; G코드: XY 점 좌표 없음(xy_step 없음) → 좌표계 정합 불가",False
M118,아르키메데스 밀도·부피 측정,indirect,own,5464000.0,없음,,,15.0,탈락,통과,탈락,통과,15.0,"예산(own): 5,464,000원 > 5,000,000원; G코드: XY 점 좌표 없음(xy_step 없음) → 좌표계 정합 불가",False
M119,단안 사진 + 딥러닝 깊이 추정,area,own,30000.0,없음,120.0,60.0,5.0,통과,통과,통과,통과,5.0,"예산(own): 30,000원 ≤ 5,000,000원",True
M120,초음파 두께 측정,point_probe,own,6293000.0,없음,5000.0,12.7,20.0,탈락,통과,조건부,통과,20.0,"예산(own): 6,293,000원 > 5,000,000원; G코드: fov 12.7 mm < 20 mm → 이어 붙이기·래스터 필요",False
M121,테라헤르츠 영상 — 부적합 확인용,raster_point,own,140000000.0,"비전리 THz, 내장 fs 레이저 Class 1 밀폐 추정",125.0,0.25,25.0,탈락,통과,조건부,통과,25.0,"예산(own): 140,000,000원 > 5,000,000원; G코드: fov 0.25 mm < 20 mm → 이어 붙이기·래스터 필요",False
M122,정전용량 변위 센서 (전도 코팅 조건),raster_point,own,4200000.0,해당 없음 (코팅 장비는 학내 규정),500.0,5.5,15.0,통과,통과,조건부,통과,15.0,"예산(own): 4,200,000원 ≤ 5,000,000원; G코드: fov 5.5 mm < 20 mm → 이어 붙이기·래스터 필요",True
M123,와전류 변위 센서 — 부적합 확인용,indirect,own,5600000.0,해당 없음,500.0,5.0,15.0,탈락,통과,조건부,통과,15.0,"예산(own): 5,600,000원 > 5,000,000원; G코드: fov 5 mm < 20 mm → 이어 붙이기·래스터 필요",False
