id,pool_basis,base_score,base_rank,min_rank,max_rank,top3_count,n_scenarios,기준,정밀도 여유×0.5,정밀도 여유×1.5,오차 종류×0.5,오차 종류×1.5,비용×0.5,비용×1.5,구축·학습 난이도×0.5,구축·학습 난이도×1.5,속도·자동화×0.5,속도·자동화×1.5,재질 의존성×0.5,재질 의존성×1.5,공정 중 측정×0.5,공정 중 측정×1.5,검증 용이성×0.5,검증 용이성×1.5,연구 기여도×0.5,연구 기여도×1.5
M37,통과 후보+유효 조합 (보수-500),3.6,1,1,2,19,19,1,2,1,1,2,2,1,1,1,1,2,1,1,1,2,1,1,1,1
M40,통과 후보+유효 조합 (보수-500),3.6,1,1,3,19,19,1,1,3,2,1,1,2,1,1,2,1,1,1,2,1,1,1,1,1
M14,통과 후보+유효 조합 (보수-500),3.45,3,2,5,13,19,3,4,5,5,3,2,4,5,3,2,4,3,3,3,3,3,3,3,3
M04+M105,통과 후보+유효 조합 (보수-500),3.45,3,2,5,14,19,3,5,2,3,4,2,4,3,4,5,3,3,3,3,3,3,3,3,3
M01+M105,통과 후보+유효 조합 (보수-500),3.4,5,2,12,3,19,5,12,3,4,5,7,3,4,5,2,7,5,5,5,5,5,5,5,5
M04+M20,통과 후보+유효 조합 (보수-500),3.35,6,5,8,0,19,6,5,6,6,6,5,8,6,8,7,5,6,6,6,5,6,6,6,6
M04+M99,통과 후보+유효 조합 (보수-500),3.35,6,5,8,0,19,6,5,6,6,6,5,8,6,8,7,5,6,6,6,5,6,6,6,6
M80,통과 후보+유효 조합 (보수-500),3.3,8,6,12,0,19,8,12,8,8,10,8,11,10,6,7,8,8,9,6,9,8,8,8,8
M01+M20,통과 후보+유효 조합 (보수-500),3.3,8,6,12,0,19,8,12,8,8,10,10,7,8,11,6,10,8,9,10,8,8,8,8,8
M34,통과 후보+유효 조합 (보수-500),3.3,8,3,14,1,19,8,3,14,8,10,13,4,10,6,7,8,10,6,6,9,8,8,8,8
M24,통과 후보+유효 조합 (보수-500),3.25,11,5,12,0,19,11,5,10,11,8,12,10,9,12,11,10,10,11,10,11,11,11,11,11
M83,통과 후보+유효 조합 (보수-500),3.25,11,5,14,0,19,11,5,10,11,8,9,14,12,10,11,10,10,11,10,11,11,11,11,11
M25,통과 후보+유효 조합 (보수-500),3.15,13,10,22,0,19,13,22,10,13,13,10,21,21,13,13,17,18,13,13,16,13,13,13,13
M01+M99,통과 후보+유효 조합 (보수-500),3.15,13,10,22,0,19,13,22,10,13,13,13,16,13,16,13,17,15,14,14,13,13,13,13,13
M74+M103,통과 후보+유효 조합 (보수-500),3.15,13,5,28,0,19,13,5,20,13,13,28,11,13,16,15,13,13,15,14,13,13,13,13,13
M79+M103,통과 후보+유효 조합 (보수-500),3.15,13,5,28,0,19,13,5,20,13,13,28,11,13,16,15,13,13,15,14,13,13,13,13,13
M15,통과 후보+유효 조합 (보수-500),3.1,17,14,28,0,19,17,16,17,17,17,16,18,28,14,19,15,15,18,14,17,17,17,17,17
M82,통과 후보+유효 조합 (보수-500),3.1,17,14,28,0,19,17,16,17,17,17,16,18,28,14,15,17,18,15,14,17,17,17,17,17
M20+M93,통과 후보+유효 조합 (보수-500),3.05,19,15,34,0,19,19,22,20,19,19,34,17,19,30,31,15,15,25,20,17,19,19,19,19
M01+M22,통과 후보+유효 조합 (보수-500),3.05,19,15,42,0,19,19,42,15,19,19,19,29,24,22,15,33,18,19,20,17,19,19,19,19
M103+M106,통과 후보+유효 조합 (보수-500),3.05,19,15,47,0,19,19,15,35,19,19,47,15,24,22,19,23,18,19,20,17,19,19,19,19
M87,통과 후보+유효 조합 (보수-500),3.05,19,15,49,0,19,19,42,15,19,19,15,41,49,19,19,23,18,19,19,27,19,19,19,19
M04+M108,통과 후보+유효 조합 (보수-500),3.0,23,17,37,0,19,23,31,28,23,23,28,37,21,33,31,23,26,25,31,17,23,23,23,23
M04+M112,통과 후보+유효 조합 (보수-500),3.0,23,17,37,0,19,23,31,28,23,23,28,37,21,33,31,23,26,25,31,17,23,23,23,23
M04+M103,통과 후보+유효 조합 (보수-500),3.0,23,16,44,0,19,23,16,42,23,23,38,21,44,25,31,23,26,25,25,27,23,23,23,23
M20+M74,통과 후보+유효 조합 (보수-500),3.0,23,16,44,0,19,23,16,42,23,23,38,21,44,25,31,23,26,25,25,27,23,23,23,23
M20+M79,통과 후보+유효 조합 (보수-500),3.0,23,16,44,0,19,23,16,42,23,23,38,21,44,25,31,23,26,25,25,27,23,23,23,23
M20+M106,통과 후보+유효 조합 (보수-500),3.0,23,16,44,0,19,23,16,42,23,23,38,21,44,25,22,33,35,19,25,27,23,23,23,23
M93+M100,통과 후보+유효 조합 (보수-500),3.0,23,13,53,0,19,23,31,28,23,23,38,21,13,53,41,17,18,41,31,17,23,23,23,23
M93+M108,통과 후보+유효 조합 (보수-500),3.0,23,13,53,0,19,23,31,28,23,23,38,21,13,53,41,17,18,41,31,17,23,23,23,23
M93+M112,통과 후보+유효 조합 (보수-500),3.0,23,13,53,0,19,23,31,28,23,23,38,21,13,53,41,17,18,41,31,17,23,23,23,23
M81,통과 후보+유효 조합 (보수-500),3.0,23,20,57,0,19,23,31,28,23,23,28,37,57,20,22,33,26,25,20,40,23,23,23,23
M84,통과 후보+유효 조합 (보수-500),3.0,23,20,57,0,19,23,31,28,23,23,28,37,57,20,22,33,26,25,20,40,23,23,23,23
M04+M22,통과 후보+유효 조합 (보수-500),3.0,23,17,59,0,19,23,59,17,23,23,18,47,44,25,22,33,26,25,25,27,23,23,23,23
M74+M108,통과 후보+유효 조합 (보수-500),2.95,35,22,50,0,19,35,22,49,35,35,50,30,28,38,41,33,35,41,49,27,35,35,35,35
M74+M112,통과 후보+유효 조합 (보수-500),2.95,35,22,50,0,19,35,22,49,35,35,50,30,28,38,41,33,35,41,49,27,35,35,35,35
M79+M108,통과 후보+유효 조합 (보수-500),2.95,35,22,50,0,19,35,22,49,35,35,50,30,28,38,41,33,35,41,49,27,35,35,35,35
M79+M112,통과 후보+유효 조합 (보수-500),2.95,35,22,50,0,19,35,22,49,35,35,50,30,28,38,41,33,35,41,49,27,35,35,35,35
M01+M108,통과 후보+유효 조합 (보수-500),2.95,35,22,53,0,19,35,42,35,35,35,50,30,28,38,22,53,35,41,49,27,35,35,35,35
M01+M112,통과 후보+유효 조합 (보수-500),2.95,35,22,53,0,19,35,42,35,35,35,50,30,28,38,22,53,35,41,49,27,35,35,35,35
M20+M21,통과 후보+유효 조합 (보수-500),2.95,35,20,53,0,19,35,42,35,35,35,20,53,28,38,51,23,44,25,31,40,35,35,35,35
M21+M105,통과 후보+유효 조합 (보수-500),2.95,35,20,53,0,19,35,42,35,35,35,20,53,28,38,51,23,44,25,31,40,35,35,35,35
M93+M105,통과 후보+유효 조합 (보수-500),2.95,35,26,54,0,19,35,42,35,35,35,50,30,28,38,41,33,26,54,31,40,35,35,35,35
M04+M100,통과 후보+유효 조합 (보수-500),2.95,35,20,63,0,19,35,42,35,35,35,36,46,20,63,41,33,44,25,49,27,35,35,35,35
M66,통과 후보+유효 조합 (보수-500),2.95,35,20,67,0,19,35,22,49,35,35,20,53,67,24,51,23,44,25,25,53,35,35,35,35
M01+M57,통과 후보+유효 조합 (보수-500),2.95,35,19,69,0,19,35,69,20,35,35,20,53,28,38,22,53,55,19,31,40,35,35,35,35
M04+M57,통과 후보+유효 조합 (보수-500),2.95,35,19,69,0,19,35,69,20,35,35,20,53,28,38,22,53,55,19,31,40,35,35,35,35
M20+M57,통과 후보+유효 조합 (보수-500),2.95,35,20,69,0,19,35,69,20,35,35,20,53,28,38,31,46,44,25,31,40,35,35,35,35
M57+M99,통과 후보+유효 조합 (보수-500),2.95,35,20,69,0,19,35,69,20,35,35,20,53,28,38,31,46,44,25,31,40,35,35,35,35
M57+M105,통과 후보+유효 조합 (보수-500),2.95,35,20,69,0,19,35,69,20,35,35,20,53,28,38,31,46,44,25,31,40,35,35,35,35
M01+M103,통과 후보+유효 조합 (보수-500),2.95,35,18,72,0,19,35,22,49,35,35,72,18,51,32,22,53,35,41,31,40,35,35,35,35
M93+M99,통과 후보+유효 조합 (보수-500),2.9,52,33,62,0,19,52,59,42,52,52,47,51,49,62,62,33,35,62,49,53,52,52,52,52
M74+M105,통과 후보+유효 조합 (보수-500),2.9,52,31,66,0,19,52,31,57,52,52,66,41,64,35,51,46,44,54,31,57,52,52,52,52
M79+M105,통과 후보+유효 조합 (보수-500),2.9,52,31,66,0,19,52,31,57,52,52,66,41,64,35,51,46,44,54,31,57,52,52,52,52
M105+M106,통과 후보+유효 조합 (보수-500),2.9,52,31,66,0,19,52,31,57,52,52,66,41,64,35,41,53,55,41,31,57,52,52,52,52
M01+M100,통과 후보+유효 조합 (보수-500),2.9,52,24,70,0,19,52,59,42,52,52,66,41,24,70,31,68,55,41,57,40,52,52,52,52
M21+M100,통과 후보+유효 조합 (보수-500),2.9,52,24,70,0,19,52,59,42,52,52,34,70,24,70,62,33,55,41,57,40,52,52,52,52
M73,통과 후보+유효 조합 (보수-500),2.9,52,30,79,0,19,52,31,57,52,52,47,51,79,30,51,46,44,54,31,57,52,52,52,52
M20+M75,통과 후보+유효 조합 (보수-500),2.85,59,42,71,0,19,59,42,65,59,59,60,64,71,53,62,53,55,62,57,57,59,59,59,59
M74+M99,통과 후보+유효 조합 (보수-500),2.85,59,42,71,0,19,59,42,65,59,59,60,64,71,53,62,53,55,62,57,57,59,59,59,59
M75+M103,통과 후보+유효 조합 (보수-500),2.85,59,42,71,0,19,59,42,65,59,59,60,64,71,53,62,53,55,62,57,57,59,59,59,59
M75+M105,통과 후보+유효 조합 (보수-500),2.85,59,42,71,0,19,59,42,65,59,59,60,64,71,53,62,53,55,62,57,57,59,59,59,59
M79+M99,통과 후보+유효 조합 (보수-500),2.85,59,42,71,0,19,59,42,65,59,59,60,64,71,53,62,53,55,62,57,57,59,59,59,59
M99+M106,통과 후보+유효 조합 (보수-500),2.85,59,42,71,0,19,59,42,65,59,59,60,64,71,53,51,68,67,54,57,57,59,59,59,59
M04+M101,통과 후보+유효 조합 (보수-500),2.85,59,38,74,0,19,59,69,49,59,59,38,74,57,65,62,53,67,54,57,57,59,59,59,59
M04+M104,통과 후보+유효 조합 (보수-500),2.85,59,38,74,0,19,59,69,49,59,59,38,74,57,65,62,53,67,54,57,57,59,59,59,59
M93+M103,통과 후보+유효 조합 (보수-500),2.85,59,42,76,0,19,59,42,65,59,59,76,47,57,65,72,46,44,73,57,57,59,59,59,59
M106+M108,통과 후보+유효 조합 (보수-500),2.85,59,42,76,0,19,59,42,65,59,59,76,47,57,65,51,68,55,62,69,53,59,59,59,59
M106+M112,통과 후보+유효 조합 (보수-500),2.85,59,42,76,0,19,59,42,65,59,59,76,47,57,65,51,68,55,62,69,53,59,59,59,59
M75+M108,통과 후보+유효 조합 (보수-500),2.8,70,57,76,0,19,70,59,76,70,70,72,71,67,75,72,68,67,73,73,57,70,70,70,70
M75+M112,통과 후보+유효 조합 (보수-500),2.8,70,57,76,0,19,70,59,76,70,70,72,71,67,75,72,68,67,73,73,57,70,70,70,70
M01+M101,통과 후보+유효 조합 (보수-500),2.8,70,51,79,0,19,70,79,57,70,70,72,71,67,75,51,79,77,62,69,77,70,70,70,70
M04+M39,통과 후보+유효 조합 (보수-500),2.8,70,50,82,0,19,70,59,76,70,70,50,79,82,63,72,68,77,62,69,77,70,70,70,70
M21+M108,통과 후보+유효 조합 (보수-500),2.8,70,50,84,0,19,70,79,57,70,70,50,79,51,84,82,53,67,73,73,57,70,70,70,70
M21+M112,통과 후보+유효 조합 (보수-500),2.8,70,50,84,0,19,70,79,57,70,70,50,79,51,84,82,53,67,73,73,57,70,70,70,70
M74+M100,통과 후보+유효 조합 (보수-500),2.8,70,51,88,0,19,70,59,76,70,70,88,53,51,84,72,68,67,73,73,57,70,70,70,70
M79+M100,통과 후보+유효 조합 (보수-500),2.8,70,51,88,0,19,70,59,76,70,70,88,53,51,84,72,68,67,73,73,57,70,70,70,70
M100+M106,통과 후보+유효 조합 (보수-500),2.8,70,51,88,0,19,70,59,76,70,70,88,53,51,84,62,78,77,62,73,57,70,70,70,70
M16,통과 후보+유효 조합 (보수-500),2.8,70,36,94,0,19,70,79,57,70,70,36,88,94,38,51,79,85,54,57,80,70,70,70,70
M22+M74,통과 후보+유효 조합 (보수-500),2.75,80,69,88,0,19,80,69,85,80,80,85,76,88,70,72,79,77,80,73,80,80,80,80,80
M22+M79,통과 후보+유효 조합 (보수-500),2.75,80,69,88,0,19,80,69,85,80,80,85,76,88,70,72,79,77,80,73,80,80,80,80,80
M22+M106,통과 후보+유효 조합 (보수-500),2.75,80,69,88,0,19,80,69,85,80,80,85,76,88,70,72,79,77,80,73,80,80,80,80,80
M31+M112,통과 후보+유효 조합 (보수-500),2.75,80,65,90,0,19,80,90,65,80,80,66,86,79,82,72,79,77,80,84,77,80,80,80,80
M93+M104,통과 후보+유효 조합 (보수-500),2.75,80,65,90,0,19,80,90,65,80,80,66,86,79,82,90,68,67,88,73,80,80,80,80,80
M74+M101,통과 후보+유효 조합 (보수-500),2.7,85,79,94,0,19,85,79,89,85,85,94,82,84,89,90,79,85,88,84,87,85,85,85,85
M79+M101,통과 후보+유효 조합 (보수-500),2.7,85,79,94,0,19,85,79,89,85,85,94,82,84,89,90,79,85,88,84,87,85,85,85,85
M101+M106,통과 후보+유효 조합 (보수-500),2.7,85,79,94,0,19,85,79,89,85,85,94,82,84,89,82,92,91,80,84,87,85,85,85,85
M22+M93,통과 후보+유효 조합 (보수-500),2.7,85,76,95,0,19,85,95,76,85,85,94,82,84,89,82,92,77,95,84,87,85,85,85,85
M39+M74,통과 후보+유효 조합 (보수-500),2.7,85,76,98,0,19,85,79,89,85,85,76,90,98,78,90,79,85,88,84,87,85,85,85,85
M39+M79,통과 후보+유효 조합 (보수-500),2.7,85,76,98,0,19,85,79,89,85,85,76,90,98,78,90,79,85,88,84,87,85,85,85,85
M39+M106,통과 후보+유효 조합 (보수-500),2.7,85,76,98,0,19,85,79,89,85,85,76,90,98,78,82,92,91,80,84,87,85,85,85,85
M75+M99,통과 후보+유효 조합 (보수-500),2.7,85,76,98,0,19,85,79,89,85,85,76,90,98,78,90,79,85,88,84,87,85,85,85,85
M31+M100,통과 후보+유효 조합 (보수-500),2.7,85,71,99,0,19,85,95,76,85,85,76,90,71,99,82,92,91,80,93,80,85,85,85,85
M57+M100,통과 후보+유효 조합 (보수-500),2.7,85,71,99,0,19,85,95,76,85,85,76,90,71,99,82,92,91,80,93,80,85,85,85,85
M01+M104,통과 후보+유효 조합 (보수-500),2.65,95,82,101,0,19,95,101,85,95,95,88,96,94,96,82,100,99,88,93,96,95,95,95,95
M21+M103,통과 후보+유효 조합 (보수-500),2.65,95,79,103,0,19,95,90,99,95,95,88,96,94,96,103,79,91,95,93,96,95,95,95,95
M45+M103,통과 후보+유효 조합 (보수-500),2.65,95,79,103,0,19,95,90,99,95,95,88,96,94,96,103,79,91,95,93,96,95,95,95,95
M75+M100,통과 후보+유효 조합 (보수-500),2.65,95,82,104,0,19,95,90,99,95,95,104,88,82,101,97,92,91,95,98,87,95,95,95,95
M57+M108,통과 후보+유효 조합 (보수-500),2.6,99,88,110,0,19,99,109,89,99,99,98,99,88,110,97,100,99,101,103,96,99,99,99,99
M57+M112,통과 후보+유효 조합 (보수-500),2.6,99,88,110,0,19,99,109,89,99,99,98,99,88,110,97,100,99,101,103,96,99,99,99,99
M93+M101,통과 후보+유효 조합 (보수-500),2.6,99,88,110,0,19,99,109,89,99,99,98,99,88,110,107,92,91,106,98,101,99,99,99,99
M01+M39,통과 후보+유효 조합 (보수-500),2.6,99,90,112,0,19,99,95,103,99,99,98,99,112,93,90,109,106,95,98,101,99,99,99,99
M22+M75,통과 후보+유효 조합 (보수-500),2.6,99,93,112,0,19,99,95,103,99,99,98,99,112,93,97,100,99,101,98,101,99,99,99,99
M31+M103,통과 후보+유효 조합 (보수-500),2.6,99,93,112,0,19,99,95,103,99,99,98,99,112,93,97,100,99,101,98,101,99,99,99,99
M74+M104,통과 후보+유효 조합 (보수-500),2.55,105,100,107,0,19,105,101,106,105,105,105,105,104,102,107,100,106,106,103,105,105,105,105,105
M75+M101,통과 후보+유효 조합 (보수-500),2.55,105,100,107,0,19,105,101,106,105,105,105,105,104,102,107,100,106,106,103,105,105,105,105,105
M75+M104,통과 후보+유효 조합 (보수-500),2.55,105,100,107,0,19,105,101,106,105,105,105,105,104,102,107,100,106,106,103,105,105,105,105,105
M79+M104,통과 후보+유효 조합 (보수-500),2.55,105,100,107,0,19,105,101,106,105,105,105,105,104,102,107,100,106,106,103,105,105,105,105,105
M104+M106,통과 후보+유효 조합 (보수-500),2.55,105,101,111,0,19,105,101,106,105,105,105,105,104,102,103,109,111,101,103,105,105,105,105,105
M39+M93,통과 후보+유효 조합 (보수-500),2.55,105,99,112,0,19,105,101,106,105,105,105,105,104,102,112,99,99,111,103,105,105,105,105,105
M57+M93,통과 후보+유효 조합 (보수-500),2.55,105,99,114,0,19,105,114,99,105,105,105,105,104,102,103,109,99,111,103,105,105,105,105,105
M57+M106,통과 후보+유효 조합 (보수-500),2.55,105,95,114,0,19,105,101,106,105,105,105,105,104,102,97,114,114,95,103,105,105,105,105,105
M11+M74,통과 후보+유효 조합 (보수-500),2.5,113,102,115,0,19,113,109,113,113,113,113,113,102,115,112,109,111,111,113,105,113,113,113,113
M11+M79,통과 후보+유효 조합 (보수-500),2.5,113,102,115,0,19,113,109,113,113,113,113,113,102,115,112,109,111,111,113,105,113,113,113,113
M57+M79,통과 후보+유효 조합 (보수-500),2.45,115,112,116,0,19,115,114,115,115,115,115,115,116,113,112,115,114,115,113,115,115,115,115,115
M57+M103,통과 후보+유효 조합 (보수-500),2.45,115,112,116,0,19,115,114,115,115,115,115,115,116,113,112,115,114,115,113,115,115,115,115,115
M11+M106,통과 후보+유효 조합 (보수-500),2.4,117,115,119,0,19,117,117,117,117,117,118,117,115,119,117,118,117,117,117,115,117,117,117,117
M57+M74,통과 후보+유효 조합 (보수-500),2.35,118,117,119,0,19,118,118,118,118,118,119,118,119,117,117,119,119,118,117,119,118,118,118,118
M57+M75,통과 후보+유효 조합 (보수-500),2.35,118,117,119,0,19,118,118,118,118,118,119,118,119,117,117,119,119,118,117,119,118,118,118,118
M11+M93,통과 후보+유효 조합 (보수-500),2.35,118,115,120,0,19,118,118,118,118,118,117,120,118,120,120,115,117,120,120,118,118,118,118,118
M01+M11,통과 후보+유효 조합 (보수-500),2.15,121,121,121,0,19,121,121,121,121,121,121,121,121,121,121,121,121,121,121,121,121,121,121,121
