kind,name_or_combo,score,pass_budget,pass_gcode,budget_ok,gcode,cost_krw,time_min,국소높이_판정,국소선폭_판정,구멍지름_판정,길이40_판정,위치_판정
후보,M20,3.85,통과,통과,,,,,측정 불가,10:1 통과,10:1 통과,10:1 통과,10:1 통과
후보,M99,3.7,통과,통과,,,,,측정 불가,10:1 통과,10:1 통과,10:1 통과,10:1 통과
후보,M105,3.65,통과,통과,,,,,측정 불가,10:1 통과,10:1 통과,10:1 통과,10:1 통과
후보,M103,3.5,통과,통과,,,,,측정 불가,4:1 통과,10:1 통과,4:1 통과,10:1 통과
후보,M112,3.5,통과,조건부,,,,,측정 불가,4:1 통과,10:1 통과,4:1 통과,10:1 통과
후보,M108,3.35,통과,통과,,,,,측정 불가,4:1 통과,10:1 통과,4:1 통과,10:1 통과
후보,M22,3.2,통과,조건부,,,,,측정 불가,10:1 통과,10:1 통과,4:1 통과,10:1 통과
후보,M104,3.2,통과,통과,,,,,측정 불가,4:1 통과,10:1 통과,4:1 통과,10:1 통과
조합,M100+M113,2.95,,,통과,통과,1130000.0,4.0,불합격,4:1 통과,10:1 통과,4:1 통과,10:1 통과
조합,M91+M100,2.85,,,통과,통과,2490000.0,5.0,불합격,4:1 통과,10:1 통과,4:1 통과,10:1 통과
조합,M50+M100,2.8,,,통과,통과,3950000.0,7.0,불합격,4:1 통과,10:1 통과,4:1 통과,10:1 통과
조합,M101+M113,2.8,,,통과,통과,3130000.0,4.0,불합격,4:1 통과,10:1 통과,4:1 통과,10:1 통과
조합,M12+M39,2.7,,,통과,조건부,5000000.0,24.0,불합격,4:1 통과,10:1 통과,4:1 통과,10:1 통과
조합,M19+M100,2.7,,,통과,조건부,4430000.0,13.0,불합격,4:1 통과,10:1 통과,4:1 통과,10:1 통과
조합,M95+M100,2.7,,,통과,통과,2850000.0,13.0,불합격,4:1 통과,10:1 통과,4:1 통과,10:1 통과
조합,M12+M100,2.65,,,통과,통과,1450000.0,23.0,불합격,4:1 통과,10:1 통과,4:1 통과,10:1 통과
조합,M39+M113,2.6,,,통과,조건부,4680000.0,5.0,불합격,4:1 통과,10:1 통과,4:1 통과,10:1 통과
조합,M90+M100,2.6,,,통과,조건부,3820000.0,33.0,불합격,4:1 통과,10:1 통과,4:1 통과,10:1 통과
조합,M91+M101,2.6,,,통과,통과,4490000.0,5.0,불합격,4:1 통과,10:1 통과,4:1 통과,10:1 통과
조합,M92+M100,2.6,,,통과,조건부,4590000.0,23.0,불합격,4:1 통과,10:1 통과,4:1 통과,10:1 통과
조합,M95+M101,2.6,,,통과,통과,4850000.0,13.0,불합격,4:1 통과,10:1 통과,4:1 통과,10:1 통과
조합,M12+M101,2.55,,,통과,통과,3450000.0,23.0,불합격,4:1 통과,10:1 통과,4:1 통과,10:1 통과
조합,M57+M113,2.5,,,통과,조건부,4310000.0,46.0,10:1 통과,불합격,10:1 통과,4:1 통과,10:1 통과
조합,M13+M100,2.4,,,통과,통과,4150000.0,93.0,불합격,4:1 통과,10:1 통과,4:1 통과,10:1 통과
조합,M12+M57,2.35,,,통과,조건부,4630000.0,65.0,10:1 통과,불합격,10:1 통과,4:1 통과,10:1 통과
