id,name,scenario,mode,cal_class,pass_budget,pass_safety,pass_gcode,pass_feasible,pass_precision,n_groups_4to1,pass_all,ratio_높이,ratio_윤곽,ratio_치수,국소높이_판정,국소선폭_판정,구멍지름_판정,길이40_판정,위치_판정,time_min_used,time_note,s_precision,s_types,s_cost,s_learn,s_speed,s_surface,s_in_situ,s_verify,s_novelty,score,rank_all,rank_pass
M37,공구 현미경(측정 현미경),보수-500,2d,calibrated,통과,통과,조건부,통과,True,2,True,inf,0.2659783071638311,0.31637951893256305,측정 불가,10:1 통과,10:1 통과,10:1 통과,10:1 통과,60.0,,4,4,5,4,2,3,1,3,3,3.6,3,1.0
M40,LMI Gocator 2510 (중고),보수-500,area,industrial,통과,통과,조건부,통과,True,3,True,0.9435169903032193,0.5770276838873424,0.6912790078301718,4:1 통과,4:1 통과,10:1 통과,4:1 통과,10:1 통과,2.0,,3,5,2,4,5,3,5,3,3,3.6,3,1.0
M14,초점 변화 현미경,보수-500,area,calibrated,통과,통과,조건부,통과,True,3,True,0.34402873299203385,0.057552969149200314,0.3129898826905858,10:1 통과,10:1 통과,10:1 통과,10:1 통과,10:1 통과,45.0,,4,5,3,4,2,3,1,3,3,3.45,5,3.0
M34,광학 비교기(프로파일 프로젝터),보수-500,2d,calibrated,통과,통과,통과,통과,True,2,True,inf,0.7809460572278748,0.5203486010999421,측정 불가,4:1 통과,10:1 통과,4:1 통과,10:1 통과,40.0,,2,4,5,4,2,4,1,3,3,3.3,8,4.0
M80,Sensofar S neox (공초점·간섭·초점 겸용),보수-500,area,calibrated,통과,통과,조건부,통과,True,2,True,0.26696712656114363,1.9027984950237378,0.3129898826905858,10:1 통과,불합격,10:1 통과,10:1 통과,10:1 통과,45.0,,4,4,3,4,2,3,1,3,3,3.3,8,4.0
M24,비전 측정기(VMM 영상측정기) 2D + Z 초점,보수-500,point_probe,calibrated,통과,통과,조건부,통과,True,3,True,0.8,0.5656876876864124,0.6627940856706553,4:1 통과,4:1 통과,10:1 통과,4:1 통과,10:1 통과,60.0,,3,5,4,3,2,3,1,3,3,3.25,10,6.0
M83,Olympus/Evident DSX1000 디지털 현미경 3D,보수-500,area,industrial,통과,통과,조건부,통과,True,3,True,0.6751496741267304,0.10437307484164662,0.4844240566555987,4:1 통과,10:1 통과,10:1 통과,4:1 통과,10:1 통과,50.0,,3,5,3,4,2,3,1,3,3,3.25,10,6.0
M25,다중 센서 CMM(광학 + 접촉),보수-500,point_probe,calibrated,통과,통과,통과,통과,True,2,True,inf,0.2828472379218153,0.12998461447417536,측정 불가,10:1 통과,10:1 통과,10:1 통과,10:1 통과,90.0,,4,4,2,4,1,4,1,3,3,3.15,12,8.0
M15,백색광 간섭계(CSI),보수-500,area,calibrated,통과,통과,조건부,통과,True,2,True,0.058140048236906515,8.55525460959954,0.41387972487990593,10:1 통과,불합격,10:1 통과,4:1 통과,10:1 통과,30.0,,3,4,3,4,3,2,1,3,3,3.1,18,9.0
M82,Keyence VHX-7000 디지털 현미경 3D (초점 합성),보수-500,area,industrial,통과,통과,조건부,통과,True,2,True,1.0146473536485758,0.15284723748712042,0.46418387161411223,불합격,10:1 통과,10:1 통과,4:1 통과,10:1 통과,35.0,,3,4,3,4,2,3,1,3,3,3.1,18,9.0
M87,Taylor Hobson CCI HD (간섭),보수-500,area,calibrated,통과,통과,조건부,통과,True,2,True,0.07045059568456126,6.798977035497333,0.29182643243316164,10:1 통과,불합격,10:1 통과,10:1 통과,10:1 통과,45.0,,4,4,2,4,2,2,1,3,3,3.05,23,11.0
M81,Bruker ContourX (백색광 간섭),보수-500,area,calibrated,통과,통과,조건부,통과,True,2,True,0.06770709793787115,8.626434048799268,0.41658932615546773,10:1 통과,불합격,10:1 통과,4:1 통과,10:1 통과,60.0,,3,4,3,4,2,2,1,3,3,3.0,26,12.0
M84,Zygo ZeGage Pro (백색광 간섭),보수-500,area,calibrated,통과,통과,조건부,통과,True,2,True,0.17780490751646041,8.549268220749266,0.41387972487990593,10:1 통과,불합격,10:1 통과,4:1 통과,10:1 통과,35.0,,3,4,3,4,2,2,1,3,3,3.0,26,12.0
M66,Keyence VR-6000 광역 3D 측정기 (의뢰),보수-500,area,calibrated,통과,통과,조건부,통과,True,2,True,0.4765040271085549,1.1429480151400022,0.7669159015172393,4:1 통과,불합격,10:1 통과,4:1 통과,10:1 통과,10.0,,2,4,2,4,4,3,1,3,3,2.95,28,14.0
M73,ZEISS/GOM ATOS Q (의뢰),보수-500,area,calibrated,통과,통과,통과,통과,True,2,True,0.8644923537995097,1.6004580491764266,0.9818839035242405,4:1 통과,불합격,10:1 통과,4:1 통과,10:1 통과,30.0,,2,4,3,4,3,2,1,3,3,2.9,34,15.0
M16,레이저 주사 공초점 현미경,보수-500,area,calibrated,통과,통과,조건부,통과,True,2,True,0.3107545240346293,3.0623488346762833,0.4009521999773373,10:1 통과,불합격,10:1 통과,4:1 통과,10:1 통과,120.0,,3,4,1,4,1,4,1,3,3,2.8,42,16.0
M02,촉침식 형상·거칠기 측정기,보수-500,line_profiler,calibrated,통과,통과,통과,탈락,True,3,False,0.1456176454971419,0.9518728938344683,0.0914476170639053,10:1 통과,4:1 통과,10:1 통과,10:1 통과,10:1 통과,140000.0,"선 단면 장비(면 측정은 래스터 가정): CSV 60.0 분 -> 140,000 분",5,5,5,4,1,5,1,3,3,4.05,1,
M26,윤곽 형상 측정기(Contracer),보수-500,line_profiler,calibrated,통과,통과,통과,탈락,True,3,False,0.3683929128622422,0.8394540391919156,0.0914476170639053,10:1 통과,4:1 통과,10:1 통과,10:1 통과,10:1 통과,140000.0,"선 단면 장비(면 측정은 래스터 가정): CSV 40.0 분 -> 140,000 분",4,5,5,4,1,5,1,3,3,3.85,2,
M85,Nanovea 크로마틱 공초점 프로파일로미터 (의뢰),보수-500,area,calibrated,탈락,통과,통과,통과,True,3,False,0.13944167447175587,0.155071285866715,0.3328102562522175,10:1 통과,10:1 통과,10:1 통과,10:1 통과,10:1 통과,30.0,,5,5,1,4,3,3,1,3,3,3.45,5,
M86,Cyber Technologies CT 계열 공초점 면 측정기 (의뢰),보수-500,area,calibrated,탈락,통과,통과,통과,True,3,False,0.14893836959608622,0.14938535086652371,0.3328102562522175,10:1 통과,10:1 통과,10:1 통과,10:1 통과,10:1 통과,30.0,,5,5,1,4,3,3,1,3,3,3.45,5,
M09,크로마틱 공초점 라인 센서,보수-500,area,calibrated,탈락,통과,조건부,통과,True,2,False,0.46420582701981444,11.057505471799088,0.6563251226843803,4:1 통과,불합격,10:1 통과,4:1 통과,10:1 통과,2.0,,3,4,1,3,5,4,3,3,3,3.15,12,
M38,Keyence LJ-X8020,보수-500,area,industrial,탈락,통과,조건부,통과,True,3,False,0.8793581241980553,0.7723580958209026,0.3988316269638939,4:1 통과,4:1 통과,10:1 통과,10:1 통과,10:1 통과,3.0,,2,5,1,4,5,3,3,3,3,3.15,12,
M103,스마트폰 + 매크로 렌즈 2D,보수-500,2d,diy,통과,통과,통과,통과,False,1,False,inf,0.9872233171340955,1.6473008225579202,측정 불가,4:1 통과,10:1 통과,불합격,10:1 통과,5.0,,1,3,5,4,5,2,3,3,3,3.15,12,
M114,필라멘트 유량 인코더 (압출량 간접 지표),보수-500,indirect,,통과,통과,탈락,통과,False,0,False,inf,inf,inf,측정 불가,측정 불가,측정 불가,측정 불가,측정 불가,0.0,,1,1,5,4,5,4,5,3,3,3.15,12,
M116,절단·연마 단면 + 현미경,보수-500,line_profiler,calibrated,통과,통과,조건부,탈락,True,3,False,0.5635444276072805,0.07796556866415476,0.5384818164679905,4:1 통과,10:1 통과,10:1 통과,4:1 통과,10:1 통과,400000.0,"선 단면 장비(면 측정은 래스터 가정): CSV 240.0 분 -> 400,000 분",3,5,4,3,1,3,1,3,3,3.15,12,
M20,평판 스캐너 2400–4800 dpi,보수-500,2d,diy,통과,통과,통과,통과,False,1,False,inf,0.39501069907828623,1.6093360949990114,측정 불가,10:1 통과,10:1 통과,불합격,10:1 통과,5.0,,1,3,4,4,5,3,3,3,3,3.1,18,
M35,레이저 스캔 마이크로미터(광학 마이크로미터),보수-500,2d,industrial,탈락,통과,통과,통과,True,2,False,inf,0.781484284843043,0.6075085733277077,측정 불가,4:1 통과,10:1 통과,4:1 통과,10:1 통과,10.0,,2,4,1,4,4,5,3,3,3,3.1,18,
M115,고해상 마이크로 CT(복셀 ≤ 5 µm),보수-500,area,calibrated,탈락,통과,통과,탈락,True,3,False,0.2751362743766742,0.09558966052784226,0.26601253103315764,10:1 통과,10:1 통과,10:1 통과,10:1 통과,10:1 통과,960.0,,4,5,1,3,1,5,1,3,3,3.1,18,
M04,수동 계측,보수-500,point_probe,calibrated,통과,통과,통과,통과,False,1,False,inf,inf,0.2351510153071851,측정 불가,측정 불가,10:1 통과,10:1 통과,10:1 통과,20.0,,1,3,4,5,3,4,1,3,3,3.05,23,
M33,스캐닝 프로브 CMM(연속 스캐닝),보수-500,line_profiler,calibrated,통과,통과,통과,탈락,True,2,False,0.6066349915124342,492.6620326829573,0.6563251226843803,4:1 통과,불합격,10:1 통과,4:1 통과,10:1 통과,7000.0,"선 단면 장비(면 측정은 래스터 가정): CSV 90.0 분 -> 7,000 분",3,4,3,3,1,5,1,3,3,3.05,23,
M03,프린터 자체 Z 프로브 격자 측정,보수-500,raster_point,printer_axis,통과,통과,통과,통과,False,0,False,inf,inf,299.8718894100476,측정 불가,측정 불가,불합격,불합격,불합격,40.0,,1,1,5,4,2,5,5,3,3,2.95,28,
M68,LMI Gocator 3504 (스냅샷 구조광),보수-500,area,industrial,탈락,통과,조건부,통과,True,3,False,0.5593249619906002,0.794698816097837,0.6243930386116318,4:1 통과,4:1 통과,10:1 통과,4:1 통과,10:1 통과,10.0,,3,5,1,2,4,3,3,3,3,2.95,28,
M99,고해상 평판 스캐너 (Epson V850 Pro),보수-500,2d,diy,통과,통과,통과,통과,False,1,False,inf,0.30526859467256917,1.6093360949990114,측정 불가,10:1 통과,10:1 통과,불합격,10:1 통과,5.0,,1,3,3,4,5,3,3,3,3,2.95,28,
M109,Bambu Lab X1 마이크로 라이다 (첫 층 검사),보수-500,raster_point,printer_axis,통과,통과,조건부,통과,False,0,False,3.2127332008518805,6.802848666577924,3.6368484525295615,불합격,불합격,10:1 통과,불합격,10:1 통과,1.0,,1,2,3,5,5,2,5,3,3,2.95,28,
M112,노즐 옆 측면 카메라 비드 폭 측정,보수-500,2d,diy,통과,통과,조건부,통과,False,1,False,inf,0.4410230622380184,1.6329931618554523,측정 불가,4:1 통과,10:1 통과,불합격,10:1 통과,0.5,,1,3,5,2,5,2,5,3,3,2.95,28,
M100,CIS 라인 센서 모듈 + 프린터 축 자작,보수-500,2d,printer_axis,통과,통과,통과,통과,False,1,False,inf,0.5125793492829052,1.6370249438132172,측정 불가,4:1 통과,10:1 통과,불합격,10:1 통과,3.0,,1,3,5,1,5,3,5,3,3,2.9,34,
M105,필름 스캐너 투과 실루엣,보수-500,2d,diy,통과,통과,통과,통과,False,1,False,inf,0.2144475365196686,1.6101759738198391,측정 불가,10:1 통과,10:1 통과,불합격,10:1 통과,10.0,,1,3,4,4,4,3,1,3,3,2.9,34,
M17,깊이 카메라,보수-500,area,diy,통과,통과,통과,통과,False,0,False,248.85739889003517,294.55205474562575,80.31249758732889,불합격,불합격,불합격,불합격,불합격,1.0,,1,1,4,5,5,2,3,3,3,2.85,37,
M31,디지털 하이트게이지 + 정반,보수-500,point_probe,calibrated,통과,통과,통과,통과,False,1,False,inf,inf,0.15009330431434972,측정 불가,측정 불가,10:1 통과,10:1 통과,10:1 통과,30.0,,1,3,2,5,3,5,1,3,3,2.85,37,
M106,X선 2D 투과 영상 (의뢰),보수-500,2d,industrial,통과,통과,통과,통과,False,1,False,inf,1.288947184236251,0.7865536642001401,측정 불가,불합격,10:1 통과,4:1 통과,10:1 통과,30.0,,1,3,3,4,3,5,1,3,3,2.85,37,
M117,정밀 저울 질량(체적 편차),보수-500,indirect,,통과,통과,탈락,통과,False,0,False,inf,inf,inf,측정 불가,측정 불가,측정 불가,측정 불가,측정 불가,5.0,,1,1,2,5,5,5,3,3,3,2.85,37,
M119,단안 사진 + 딥러닝 깊이 추정,보수-500,area,diy,통과,통과,통과,통과,False,0,False,363.9588201977033,154.6403195714616,113.99168261234476,불합격,불합격,불합격,불합격,불합격,5.0,,1,1,5,4,5,2,3,3,3,2.85,37,
M39,Keyence LJ-V7020 (구형·중고),보수-500,area,industrial,통과,통과,조건부,통과,False,1,False,1.1154524614013166,0.7036739893647654,1.0812338630780425,불합격,4:1 통과,10:1 통과,불합격,10:1 통과,4.0,,1,3,2,4,5,3,3,3,3,2.8,42,
M108,프린터 내장 층별 카메라 2D (G코드 층 마스크 비교),보수-500,2d,diy,통과,통과,통과,통과,False,1,False,inf,0.6070540502109163,1.6553750833773797,측정 불가,4:1 통과,10:1 통과,불합격,10:1 통과,0.5,,1,3,4,2,5,2,5,3,3,2.8,42,
M06,상용 레이저 라인 프로파일러,보수-500,area,industrial,탈락,통과,통과,통과,False,1,False,1.1402568372080149,1.0239512464995684,0.6075085733277077,불합격,불합격,10:1 통과,4:1 통과,10:1 통과,1.0,,1,3,1,4,5,3,5,3,3,2.75,45,
M41,LMI Gocator 2520 (신품),보수-500,area,industrial,탈락,통과,통과,통과,False,1,False,1.336549995438119,1.0538087316031821,0.7436845209271649,불합격,불합격,10:1 통과,4:1 통과,10:1 통과,1.0,,1,3,1,4,5,3,5,3,3,2.75,45,
M48,LMI Gocator 2410 (고해상 소형 시야),보수-500,area,industrial,탈락,통과,조건부,통과,False,1,False,1.1951125194698826,1.5752401838385774,0.56,불합격,불합격,10:1 통과,4:1 통과,10:1 통과,3.0,,1,3,1,4,5,3,5,3,3,2.75,45,
M29,1 µm 디지털 인디케이터 + 프린터 축 래스터,보수-500,raster_point,printer_axis,통과,통과,통과,통과,False,0,False,inf,361.37634136279877,303.236752986139,측정 불가,불합격,불합격,불합격,불합격,45.0,,1,1,4,4,2,5,3,3,3,2.7,48,
M22,디지털·USB 현미경 2D,보수-500,2d,diy,통과,통과,조건부,통과,False,1,False,inf,0.2558535835590849,1.6252999723128037,측정 불가,10:1 통과,10:1 통과,불합격,10:1 통과,30.0,,1,3,3,4,3,2,3,3,3,2.65,49,
M28,접촉식 디지털 변위 센서 + 프린터 축 래스터,보수-500,raster_point,printer_axis,통과,통과,통과,통과,False,0,False,inf,218.00209405353706,248.24443576707662,측정 불가,불합격,불합격,불합격,불합격,30.0,,1,1,4,3,3,5,3,3,3,2.65,49,
M43,Wenglor weCat3D MLWL131,보수-500,area,industrial,탈락,통과,통과,통과,False,1,False,2.776368024034595,1.6729183590623875,0.9343803650905056,불합격,불합격,10:1 통과,4:1 통과,10:1 통과,1.0,,1,3,1,4,5,3,3,3,3,2.65,49,
M45,Hikrobot 중국산 저가 레이저 라인 프로파일러,보수-500,area,industrial,통과,통과,통과,통과,False,1,False,1.6804103341521408,1.1364165814541687,0.7530205840480059,불합격,불합격,10:1 통과,4:1 통과,10:1 통과,1.0,,1,3,2,3,5,3,3,3,3,2.65,49,
M46,SmartRay ECCO 95.020,보수-500,area,industrial,탈락,통과,통과,통과,False,1,False,1.2201320125729573,1.1504839801461741,0.6745862929727128,불합격,불합격,10:1 통과,4:1 통과,10:1 통과,1.0,,1,3,1,4,5,3,3,3,3,2.65,49,
M47,Riftek RF627,보수-500,area,industrial,탈락,통과,통과,통과,False,1,False,2.106042349068157,1.3103081144664828,0.8860398787112613,불합격,불합격,10:1 통과,4:1 통과,10:1 통과,1.0,,1,3,1,4,5,3,3,3,3,2.65,49,
M58,Panasonic HG-C1030 (저가 삼각측량 점),보수-500,raster_point,printer_axis,통과,통과,조건부,통과,False,0,False,4.528823865143726,3.941349162903326,2.286190426597633,불합격,불합격,10:1 통과,불합격,10:1 통과,20.0,,1,2,4,4,3,2,3,3,3,2.65,49,
M67,Keyence VR-3000 계열 (구형·중고),보수-500,area,industrial,탈락,통과,조건부,통과,True,2,False,0.5480471335042435,1.0772332596884626,0.8285312305519931,4:1 통과,불합격,10:1 통과,4:1 통과,10:1 통과,10.0,,2,4,1,3,4,3,1,3,3,2.65,49,
M75,Creality CR-Scan 계열 저가 스캐너,보수-500,area,industrial,통과,통과,통과,통과,False,1,False,6.988348733205624,3.544283888755113,0.7273696905059124,불합격,불합격,10:1 통과,4:1 통과,10:1 통과,20.0,,1,3,3,4,3,2,3,3,3,2.65,49,
M79,Keyence VL 계열 3D 스캐너형 측정기,보수-500,area,calibrated,통과,통과,통과,통과,False,1,False,1.4650766769769408,1.8176825108579024,0.8190010175003856,불합격,불합격,10:1 통과,4:1 통과,10:1 통과,15.0,,1,3,3,4,4,2,1,3,3,2.65,49,
M89,구조광 자작 저가 (소형 프로젝터 + 웹캠),보수-500,area,diy,통과,통과,통과,통과,False,0,False,14.861172113839302,7.803297824304559,2.0050602650959566,불합격,불합격,10:1 통과,불합격,10:1 통과,3.0,,1,2,4,2,5,2,5,3,3,2.65,49,
M101,라인스캔 카메라 + 프린터 축 이동,보수-500,2d,printer_axis,통과,통과,통과,통과,False,1,False,inf,0.6256247333455687,1.6329931618554523,측정 불가,4:1 통과,10:1 통과,불합격,10:1 통과,3.0,,1,3,3,2,5,3,3,3,3,2.65,49,
M104,미러리스 카메라 + 매크로 2D (정사영 보정),보수-500,2d,diy,통과,통과,통과,통과,False,1,False,inf,0.5117004618281717,1.6201530791872725,측정 불가,4:1 통과,10:1 통과,불합격,10:1 통과,5.0,,1,3,2,3,5,3,3,3,3,2.65,49,
M01,CMM(접촉 프로브),보수-500,point_probe,calibrated,통과,통과,통과,통과,False,1,False,inf,inf,0.18137254478007414,측정 불가,측정 불가,10:1 통과,10:1 통과,10:1 통과,60.0,,1,3,2,4,2,5,1,3,3,2.6,62,
M21,텔레센트릭 렌즈 머신비전 + 백라이트,보수-500,2d,industrial,통과,통과,통과,통과,False,1,False,inf,1.4436156283413175,0.6981881312845891,측정 불가,불합격,10:1 통과,4:1 통과,10:1 통과,5.0,,1,3,2,2,5,4,3,3,3,2.6,62,
M65,Precitec CHRocodile CLS 2 (공초점 라인),보수-500,line_profiler,industrial,탈락,통과,조건부,탈락,True,2,False,0.32354257654031804,4.665933339357979,0.5594601683766236,10:1 통과,불합격,10:1 통과,4:1 통과,10:1 통과,37940.37940379404,"선 단면 장비(면 측정은 래스터 가정): CSV 10.0 분 -> 37,940 분",3,4,1,2,1,4,3,3,3,2.6,62,
M74,Creaform HandySCAN·MetraSCAN (의뢰),보수-500,area,calibrated,통과,통과,통과,통과,False,1,False,7.543460421669629,5.282727094241276,0.8190010175003856,불합격,불합격,10:1 통과,4:1 통과,10:1 통과,20.0,,1,3,3,4,3,2,1,3,3,2.55,65,
M110,노즐 장착 점 레이저 센서 층별 높이,보수-500,raster_point,printer_axis,통과,통과,조건부,통과,False,0,False,1.1696672882342254,2.7984153207190396,2.286190426597633,불합격,불합격,10:1 통과,불합격,10:1 통과,20.0,,1,2,3,3,3,3,5,3,3,2.55,65,
M12,상용 구조광 3D 스캐너,보수-500,area,diy,통과,통과,통과,통과,False,0,False,5.761765009177891,2.66286127898766,1.7281975195754293,불합격,불합격,10:1 통과,불합격,10:1 통과,20.0,,1,2,3,4,3,2,3,3,3,2.5,67,
M30,정밀 리니어 게이지 + 프린터 축 래스터,보수-500,raster_point,printer_axis,통과,통과,통과,통과,False,0,False,inf,217.28350874915327,245.94029030150355,측정 불가,불합격,불합격,불합격,불합격,30.0,,1,1,3,3,3,5,3,3,3,2.5,67,
M42,Micro-Epsilon scanCONTROL 3002-25,보수-500,area,industrial,탈락,통과,통과,통과,False,0,False,1.7407733537086294,1.455922144570706,1.2300677488116931,불합격,불합격,10:1 통과,불합격,10:1 통과,1.0,,1,2,1,4,5,3,3,3,3,2.5,67,
M07,레이저 변위 점 센서 + 래스터,보수-500,raster_point,printer_axis,통과,통과,조건부,통과,False,0,False,1.1270525659317676,3.5204768861576303,2.0655911179772892,불합격,불합격,10:1 통과,불합격,10:1 통과,25.0,,1,2,3,3,3,3,3,3,3,2.45,70,
M53,레이저 삼각측량 자작 — 웹캠 + 라인 레이저 저가판,보수-500,area,diy,통과,통과,통과,통과,False,0,False,7.694340838323737,9.511845713195822,3.037542866638538,불합격,불합격,4:1 통과,불합격,10:1 통과,2.0,,1,2,5,1,5,1,3,3,3,2.45,70,
M57,Micro-Epsilon confocalDT IFS2405,보수-500,raster_point,printer_axis,통과,통과,조건부,통과,False,1,False,0.3036598113049116,7.372168637973104,1.7281975195754293,10:1 통과,불합격,10:1 통과,불합격,10:1 통과,45.0,,1,3,2,3,2,4,3,3,3,2.45,70,
M64,Thorlabs Ganymede SD-OCT,보수-500,area,printer_axis,탈락,통과,조건부,통과,False,1,False,0.5925976628304073,5.6314165810539984,1.7738846260866763,4:1 통과,불합격,10:1 통과,불합격,10:1 통과,8.0,,1,3,1,2,4,4,5,3,3,2.45,70,
M44,Cognex DSMax 3D (DSMax32T),보수-500,area,industrial,탈락,통과,통과,통과,False,1,False,2.0355214280594285,1.3267838220596482,0.8190400885589585,불합격,불합격,10:1 통과,4:1 통과,10:1 통과,1.0,,1,3,1,3,5,2,3,3,3,2.4,74,
M54,노즐 장착 라인 레이저 (공정 중 층별),보수-500,area,printer_axis,통과,통과,통과,통과,False,0,False,4.3699301418481244,2.103598085888033,1.9043809142780936,불합격,불합격,10:1 통과,불합격,10:1 통과,1.0,,1,2,4,1,5,1,5,3,3,2.4,74,
M69,Zivid 2+ M60,보수-500,area,industrial,탈락,통과,통과,통과,False,0,False,17.659445461641333,87.05606551976048,3.997332443851357,불합격,불합격,4:1 통과,불합격,10:1 통과,5.0,,1,2,1,4,5,2,3,3,3,2.4,74,
M91,그림자 모아레(shadow moiré) 자작,보수-500,area,diy,통과,통과,통과,통과,False,0,False,3.2635449233731975,2.8318710311614828,1.8504053609952604,불합격,불합격,10:1 통과,불합격,10:1 통과,2.0,,1,2,3,2,5,2,3,3,3,2.4,74,
M113,프린터 내장 구조광 층별 측정,보수-500,area,diy,통과,통과,통과,통과,False,0,False,4.524934705522007,1.930535543859214,1.7158088471621773,불합격,불합격,10:1 통과,불합격,10:1 통과,1.0,,1,2,4,1,5,1,5,3,3,2.4,74,
M118,아르키메데스 밀도·부피 측정,보수-500,indirect,,탈락,통과,탈락,통과,False,0,False,inf,inf,inf,측정 불가,측정 불가,측정 불가,측정 불가,측정 불가,15.0,,1,1,1,5,4,4,1,3,3,2.4,74,
M05,레이저 삼각측량 라인 (자작),보수-500,area,diy,통과,통과,조건부,통과,False,0,False,3.4796491680945985,1.6184316101057667,2.0655911179772892,불합격,불합격,10:1 통과,불합격,10:1 통과,2.0,,1,2,3,1,5,2,5,3,3,2.35,80,
M10,광간섭 단층촬영(OCT),보수-500,area,industrial,탈락,통과,조건부,통과,False,1,False,0.9131455249221491,5.48356609145385,1.1528515371315886,4:1 통과,불합격,10:1 통과,불합격,10:1 통과,20.0,,1,3,1,2,3,4,5,3,3,2.35,80,
M11,구조광(프린지 투영) 자작,보수-500,area,diy,통과,통과,통과,통과,False,1,False,1.6115988027915673,0.7932929580947854,1.8714985083260598,불합격,4:1 통과,10:1 통과,불합격,10:1 통과,3.0,,1,3,2,1,5,2,5,3,3,2.35,80,
M27,관절형 CMM 암 + 레이저 라인 프로브,보수-500,area,calibrated,통과,통과,통과,통과,False,0,False,4.492699544891228,2.471239940250928,1.3079612634427165,불합격,불합격,10:1 통과,불합격,10:1 통과,30.0,,1,2,2,4,3,3,1,3,3,2.35,80,
M32,휴대형 표면 거칠기 측정기(단면),보수-500,line_profiler,calibrated,통과,통과,조건부,탈락,False,0,False,inf,1.4292491278763848,inf,측정 불가,불합격,측정 불가,10:1 통과,측정 불가,70000.0,"선 단면 장비(면 측정은 래스터 가정): CSV 30.0 분 -> 70,000 분",1,1,2,5,1,5,1,3,3,2.35,80,
M88,Filmetrics Profilm3D (저가 백색광 간섭),보수-500,area,industrial,탈락,통과,조건부,통과,True,2,False,0.09732065035686148,8.304554136328633,0.905509064927937,10:1 통과,불합격,10:1 통과,4:1 통과,10:1 통과,60.0,,2,4,1,3,2,2,1,3,3,2.35,80,
M08,크로마틱 공초점 점 센서 + 래스터,보수-500,raster_point,printer_axis,탈락,통과,조건부,통과,False,1,False,0.32131081978255094,6.996524960875339,1.7281975195754293,10:1 통과,불합격,10:1 통과,불합격,10:1 통과,45.0,,1,3,1,3,2,4,3,3,3,2.3,86,
M56,Keyence CL-3000 (크로마틱 공초점 점),보수-500,raster_point,printer_axis,탈락,통과,조건부,통과,False,1,False,0.3048967153723613,7.0186270609719585,1.7281975195754293,10:1 통과,불합격,10:1 통과,불합격,10:1 통과,45.0,,1,3,1,3,2,4,3,3,3,2.3,86,
M59,Omron ZW-8000 (공초점),보수-500,raster_point,printer_axis,탈락,통과,조건부,통과,False,1,False,0.44650034197160215,6.575431015550978,1.7281975195754293,4:1 통과,불합격,10:1 통과,불합격,10:1 통과,45.0,,1,3,1,3,2,4,3,3,3,2.3,86,
M60,Precitec CHRocodile 2 S (공초점 점),보수-500,raster_point,printer_axis,탈락,통과,조건부,통과,False,1,False,0.2816551680451666,4.90906265099208,1.7281975195754293,10:1 통과,불합격,10:1 통과,불합격,10:1 통과,45.0,,1,3,1,3,2,4,3,3,3,2.3,86,
M62,Keyence SI-F (분광 간섭 변위계),보수-500,raster_point,printer_axis,탈락,통과,조건부,통과,False,1,False,0.667409946562586,12.63426667046711,2.0655911179772892,4:1 통과,불합격,10:1 통과,불합격,10:1 통과,23.0,,1,3,1,3,3,3,3,3,3,2.3,86,
M78,Polyga Compact S1,보수-500,area,industrial,탈락,통과,통과,통과,False,0,False,11.512192822633327,9.815246934557983,2.7944707310449086,불합격,불합격,4:1 통과,불합격,10:1 통과,15.0,,1,2,1,4,4,2,3,3,3,2.3,86,
M70,Photoneo PhoXi 3D Scanner S,보수-500,area,industrial,탈락,통과,통과,통과,False,0,False,30.149530647479214,110.16000181750091,5.691818690014643,불합격,불합격,불합격,불합격,10:1 통과,5.0,,1,1,1,4,5,2,3,3,3,2.25,92,
M94,라이트필드 3D 카메라 (Raytrix),보수-500,area,industrial,탈락,통과,통과,통과,False,1,False,14.326318802266922,4.827590641949051,0.7906115776199251,불합격,불합격,10:1 통과,4:1 통과,10:1 통과,1.0,,1,3,1,2,5,2,3,3,3,2.25,92,
M96,스마트폰 + 매크로 초점 적층,보수-500,area,printer_axis,통과,통과,조건부,통과,False,0,False,7.164563392054079,2.9459532881570754,1.609306268758892,불합격,불합격,10:1 통과,불합격,10:1 통과,40.0,,1,2,4,2,2,2,3,3,3,2.25,92,
M102,전동 XY 스테이지 + 현미경 자동 타일 촬영,보수-500,2d,diy,탈락,통과,조건부,통과,False,1,False,inf,0.06510617106791482,1.6192179182144282,측정 불가,10:1 통과,10:1 통과,불합격,10:1 통과,15.0,,1,3,1,2,4,3,3,3,3,2.25,92,
M111,열화상 카메라 층별 윤곽,보수-500,2d,industrial,탈락,통과,통과,통과,False,0,False,inf,11.705065555882033,5.887478237751711,측정 불가,불합격,불합격,불합격,10:1 통과,1.0,,1,1,1,2,5,4,5,3,3,2.25,92,
M23,산업용 X선 CT (외부 의뢰),보수-500,area,calibrated,탈락,통과,통과,통과,False,1,False,1.452353706525559,1.6294318693956924,0.8190010175003856,불합격,불합격,10:1 통과,4:1 통과,10:1 통과,120.0,,1,3,1,3,1,5,1,3,3,2.2,97,
M51,레이저 삼각측량 자작 — 스펙클 저감 광원 (LED 라인),보수-500,area,diy,통과,통과,조건부,통과,False,0,False,1.6539100811587377,1.6289630234055088,2.0655911179772892,불합격,불합격,10:1 통과,불합격,10:1 통과,4.0,,1,2,2,1,5,3,3,3,3,2.2,97,
M61,Optimet ConoProbe (코노스코픽 홀로그래피),보수-500,raster_point,printer_axis,통과,통과,조건부,통과,False,0,False,1.2682049422036281,1.6011787219612006,1.7962924780409972,불합격,불합격,10:1 통과,불합격,10:1 통과,36.0,,1,2,2,3,2,3,3,3,3,2.2,97,
M71,Shining3D EinScan SP V2,보수-500,area,industrial,통과,통과,통과,통과,False,0,False,14.901371156419367,46.83135896245939,5.5613907133617815,불합격,불합격,불합격,불합격,10:1 통과,15.0,,1,1,2,4,4,2,1,3,3,2.2,97,
M72,Shining3D AutoScan Inspec2,보수-500,area,industrial,탈락,통과,통과,통과,False,0,False,2.4818125588396036,2.093021544435998,1.6640512812610877,불합격,불합격,10:1 통과,불합격,10:1 통과,15.0,,1,2,1,4,4,2,1,3,3,2.2,97,
M76,3Shape E 계열 치과 기공 스캐너,보수-500,area,industrial,탈락,통과,통과,통과,False,0,False,3.040629529911544,2.2484207457176746,1.3450154893779724,불합격,불합격,10:1 통과,불합격,10:1 통과,10.0,,1,2,1,4,4,2,1,3,3,2.2,97,
M77,Medit T710 치과 기공 스캐너,보수-500,area,industrial,탈락,통과,통과,통과,False,0,False,3.0807606571770974,2.175676964300587,1.3450154893779724,불합격,불합격,10:1 통과,불합격,10:1 통과,10.0,,1,2,1,4,4,2,1,3,3,2.2,97,
M36,원자현미경(AFM),보수-500,area,calibrated,통과,통과,조건부,탈락,False,0,False,inf,inf,inf,측정 불가,측정 불가,측정 불가,불합격,측정 불가,987650.0,,1,1,4,2,1,4,1,3,3,2.1,104,
M50,레이저 삼각측량 자작 — 12 MP 카메라 + 매크로,보수-500,area,diy,통과,통과,통과,통과,False,0,False,2.6049718027554745,1.3749401202137572,1.6812693617224657,불합격,불합격,10:1 통과,불합격,10:1 통과,4.0,,1,2,2,1,5,2,3,3,3,2.1,104,
M52,레이저 삼각측량 자작 — 카메라 2대 양방향,보수-500,area,diy,통과,통과,조건부,통과,False,0,False,3.337357589557796,1.8764031584943943,2.0655911179772892,불합격,불합격,10:1 통과,불합격,10:1 통과,2.0,,1,2,2,1,5,2,3,3,3,2.1,104,
M18,자작 초점 적층,보수-500,area,printer_axis,통과,통과,조건부,통과,False,0,False,1.834340779117437,1.837209293543502,1.6582721931777868,불합격,불합격,10:1 통과,불합격,10:1 통과,180.0,,1,2,2,2,1,3,5,3,3,2.05,107,
M19,광도 스테레오,보수-500,area,diy,통과,통과,조건부,통과,False,0,False,9.742462113298178,2.613655461038802,1.6398373903124257,불합격,불합격,10:1 통과,불합격,10:1 통과,10.0,,1,2,2,2,4,1,3,3,3,2.05,107,
M55,Keyence LK-G5000 + LK-H008 (고정밀 삼각측량 점),보수-500,raster_point,printer_axis,탈락,통과,조건부,통과,False,0,False,1.0361269378135947,2.034520323366229,1.7281975195754293,불합격,불합격,10:1 통과,불합격,10:1 통과,45.0,,1,2,1,3,2,3,3,3,3,2.05,107,
M93,디지털 홀로그래픽 현미경 (DHM),보수-500,area,calibrated,통과,통과,조건부,통과,False,0,False,inf,12.848371916829269,inf,측정 불가,불합격,측정 불가,4:1 통과,측정 불가,10.0,,1,1,2,3,4,1,3,3,3,2.05,107,
M49,레이저 삼각측량 자작 — 텔레센트릭 + 샤임플러그,보수-500,area,diy,탈락,통과,통과,통과,False,0,False,2.4324756255040003,1.334094123830824,1.6812693617224657,불합격,불합격,10:1 통과,불합격,10:1 통과,2.0,,1,2,1,1,5,2,3,3,3,1.95,111,
M90,마이크로 프린지 투영 자작 (현미경 구조광),보수-500,area,diy,통과,통과,조건부,통과,False,0,False,1.5432427529574202,1.3161026481599134,1.6358973072904055,불합격,불합격,10:1 통과,불합격,10:1 통과,30.0,,1,2,2,1,3,2,3,3,3,1.9,112,
M95,편향측정법(deflectometry) 자작,보수-500,area,diy,통과,통과,통과,통과,False,0,False,5.535847952020991,8.754785618540557,1.7045820602130013,불합격,불합격,10:1 통과,불합격,10:1 통과,10.0,,1,2,2,1,4,1,3,3,3,1.9,112,
M13,사진측량·스테레오 (다시점 근접 사진),보수-500,area,diy,통과,통과,통과,통과,False,0,False,7.162215777516684,3.114172517866062,1.6831716093930134,불합격,불합격,10:1 통과,불합격,10:1 통과,90.0,,1,2,2,2,1,1,5,3,3,1.85,114,
M63,Micro-Epsilon interferoMETER (백색광 간섭 점),보수-500,raster_point,printer_axis,탈락,통과,조건부,통과,False,1,False,0.5887018908313104,15.459435200418032,1.7281975195754293,4:1 통과,불합격,10:1 통과,불합격,10:1 통과,45.0,,1,3,1,2,2,1,3,3,3,1.85,114,
M98,초점 흐림 깊이 추정(depth-from-defocus) 자작,보수-500,area,printer_axis,통과,통과,조건부,통과,False,0,False,inf,4.867033414830489,inf,측정 불가,불합격,측정 불가,불합격,측정 불가,10.0,,1,1,2,1,4,2,3,3,3,1.85,114,
M120,초음파 두께 측정,보수-500,point_probe,industrial,탈락,통과,조건부,통과,False,0,False,inf,inf,349.35383553068374,측정 불가,측정 불가,불합격,불합격,불합격,20.0,,1,1,1,4,3,1,1,3,3,1.85,114,
M121,테라헤르츠 영상 — 부적합 확인용,보수-500,raster_point,industrial,탈락,통과,조건부,통과,False,0,False,1.8177146081193118,66.01612908220008,4.095005087501928,불합격,불합격,4:1 통과,불합격,10:1 통과,25.0,,1,2,1,1,3,3,3,3,3,1.85,114,
M92,스테레오 현미경 + 카메라 2대 3D 자작,보수-500,area,diy,통과,통과,조건부,통과,False,0,False,2.7041181679659685,2.5653047361430685,1.6434289356910652,불합격,불합격,10:1 통과,불합격,10:1 통과,20.0,,1,2,2,1,3,1,3,3,3,1.8,119,
M97,실루엣 회전 스캔(shape-from-silhouette) 자작,보수-500,line_profiler,diy,탈락,통과,통과,탈락,False,0,False,2.2784241286177727,295.05455262090584,1.7137685569138754,불합격,불합격,10:1 통과,불합격,10:1 통과,7446.808510638297,"선 단면 장비(면 측정은 래스터 가정): CSV 15.0 분 -> 7,447 분",1,2,1,2,1,4,1,3,3,1.8,119,
M122,정전용량 변위 센서 (전도 코팅 조건),보수-500,raster_point,industrial,통과,통과,조건부,통과,False,0,False,inf,667.5262620114212,251.44214518126083,측정 불가,불합격,불합격,불합격,4:1 통과,15.0,,1,1,2,2,4,1,1,3,3,1.8,119,
M123,와전류 변위 센서 — 부적합 확인용,보수-500,indirect,,탈락,통과,조건부,통과,False,0,False,inf,inf,inf,측정 불가,측정 불가,측정 불가,측정 불가,측정 불가,15.0,,1,1,1,3,4,1,1,3,3,1.8,119,
M107,광 절단 현미경,보수-500,line_profiler,industrial,통과,통과,조건부,탈락,False,0,False,inf,inf,inf,측정 불가,측정 불가,측정 불가,4:1 통과,측정 불가,140000.0,"선 단면 장비(면 측정은 래스터 가정): CSV 30.0 분 -> 140,000 분",1,1,2,3,1,2,1,3,3,1.75,123,
