scenario,combo,a,b,pass_precision,n_groups_4to1,budget_ok,gcode,국소높이_판정,국소높이_Q_um,국소높이_담당,단차_판정,단차_Q_um,단차_담당,국소선폭_판정,국소선폭_Q_um,국소선폭_담당,선폭_판정,선폭_Q_um,선폭_담당,구멍지름_판정,구멍지름_Q_um,구멍지름_담당,길이40_판정,길이40_Q_um,길이40_담당,경계_판정,경계_Q_um,경계_담당,위치_판정,위치_Q_um,위치_담당,cost_krw,time_min,learn_weeks,s_precision,s_types,s_cost,s_learn,s_speed,s_surface,s_in_situ,s_verify,s_novelty,score,valid
보수-500,M04+M20,M04,M20,True,2,통과,통과,측정 불가,,M04,불합격,5.656854249492381,M04,10:1 통과,3.9501069907828623,M20,10:1 통과,3.985377860391711,M20,10:1 통과,2.0063897926375125,M04,10:1 통과,5.878775382679628,M04,10:1 통과,1.0031948963187562,M04,10:1 통과,0.23376003632505993,M20,1550000.0,25.0,1.5,4,4,3,3,3,3,3,3.0,3.0,3.35,True
보수-500,M01+M20,M01,M20,True,2,통과,통과,측정 불가,,M01,4:1 통과,4.242640687119286,M01,10:1 통과,3.9501069907828623,M20,10:1 통과,3.985377860391711,M20,10:1 통과,1.5085091978506462,M01,10:1 통과,4.534313619501853,M01,10:1 통과,0.7542545989253231,M01,10:1 통과,0.23376003632505993,M20,900000.0,65.0,2.0,4,4,4,3,1,3,3,3.0,3.0,3.3,True
보수-500,M01+M22,M01,M22,True,2,통과,조건부,측정 불가,,M01,4:1 통과,4.242640687119286,M01,10:1 통과,2.558535835590849,M22,10:1 통과,2.5827414676991123,M22,10:1 통과,1.5085091978506462,M01,10:1 통과,4.534313619501853,M01,10:1 통과,0.7542545989253231,M01,10:1 통과,0.2081040811510172,M22,2050000.0,90.0,2.0,4,4,3,3,1,2,3,3.0,3.0,3.05,True
보수-500,M04+M22,M04,M22,True,2,통과,조건부,측정 불가,,M04,불합격,5.656854249492381,M04,10:1 통과,2.558535835590849,M22,10:1 통과,2.5827414676991123,M22,10:1 통과,2.0063897926375125,M04,10:1 통과,5.878775382679628,M04,10:1 통과,1.0031948963187562,M04,10:1 통과,0.2081040811510172,M22,2700000.0,50.0,1.5,4,4,2,3,2,2,3,3.0,3.0,3.0,True
보수-500,M20+M21,M20,M21,True,2,통과,통과,측정 불가,,M20,측정 불가,,M20,10:1 통과,3.9501069907828623,M20,10:1 통과,3.985377860391711,M20,10:1 통과,0.7389124686960897,M21,4:1 통과,17.45470328211473,M21,10:1 통과,0.36945623434804487,M21,10:1 통과,0.23376003632505993,M20,4950000.0,10.0,4.0,3,4,2,2,4,3,3,3.0,3.0,2.95,True
보수-500,M01+M11,M01,M11,True,2,통과,통과,불합격,8.057994013957837,M11,4:1 통과,4.242640687119286,M01,4:1 통과,7.932929580947854,M11,4:1 통과,6.041503306054625,M11,10:1 통과,1.5085091978506462,M01,10:1 통과,4.534313619501853,M01,10:1 통과,0.7542545989253231,M01,10:1 통과,0.4095621800090167,M11,5050000.0,63.0,7.0,2,4,1,1,1,2,5,3.0,3.0,2.15,True
보수-500,M01+M03,M01,M03,False,1,통과,통과,측정 불가,,M01,4:1 통과,4.242640687119286,M01,측정 불가,,M01,측정 불가,,M01,10:1 통과,1.5085091978506462,M01,10:1 통과,4.534313619501853,M01,10:1 통과,0.7542545989253231,M01,10:1 통과,1.5190786681406594,M01,300000.0,100.0,2.0,1,3,5,3,1,5,5,3.0,3.0,3.0,False
보수-500,M03+M04,M03,M04,False,1,통과,통과,측정 불가,,M03,불합격,5.656854249492381,M04,측정 불가,,M03,측정 불가,,M03,10:1 통과,2.0063897926375125,M04,10:1 통과,5.878775382679628,M04,10:1 통과,1.0031948963187562,M04,10:1 통과,2.0143485299222674,M04,950000.0,60.0,1.5,1,3,4,3,2,4,5,3.0,3.0,2.85,False
보수-500,M03+M20,M03,M20,False,1,통과,통과,측정 불가,,M03,측정 불가,,M03,10:1 통과,3.9501069907828623,M20,10:1 통과,3.985377860391711,M20,10:1 통과,3.6422495861400956,M20,불합격,40.233402374975284,M20,10:1 통과,1.8211247930700478,M20,10:1 통과,0.23376003632505993,M20,700000.0,45.0,2.0,1,3,4,3,2,3,5,3.0,3.0,2.75,False
보수-500,M04+M17,M04,M17,False,1,통과,통과,불합격,1244.2869944501758,M17,불합격,5.656854249492381,M04,불합격,2945.5205474562576,M17,측정 불가,,M04,10:1 통과,2.0063897926375125,M04,10:1 통과,5.878775382679628,M04,10:1 통과,1.0031948963187562,M04,10:1 통과,2.0143485299222674,M04,1400000.0,21.0,1.0,1,3,3,4,3,2,3,3.0,3.0,2.65,False
보수-500,M17+M20,M17,M20,False,1,통과,통과,불합격,1244.2869944501758,M17,불합격,948.9668615221882,M17,10:1 통과,3.9501069907828623,M20,10:1 통과,3.985377860391711,M20,10:1 통과,3.6422495861400956,M20,불합격,40.233402374975284,M20,10:1 통과,1.8211247930700478,M20,10:1 통과,0.23376003632505993,M20,1150000.0,6.0,1.5,1,3,3,3,4,2,3,3.0,3.0,2.6,False
보수-500,M12+M20,M12,M20,False,1,통과,통과,불합격,28.808825045889456,M12,불합격,17.966586831885717,M12,10:1 통과,3.9501069907828623,M20,10:1 통과,3.985377860391711,M20,10:1 통과,3.6166405477475023,M12,불합격,40.233402374975284,M20,10:1 통과,1.8083202738737512,M12,10:1 통과,0.23376003632505993,M20,1850000.0,25.0,2.0,1,3,3,3,3,2,3,3.0,3.0,2.5,False
보수-500,M21+M22,M21,M22,True,2,탈락,조건부,측정 불가,,M21,측정 불가,,M21,10:1 통과,2.558535835590849,M22,10:1 통과,2.5827414676991123,M22,10:1 통과,0.7389124686960897,M21,4:1 통과,17.45470328211473,M21,10:1 통과,0.36945623434804487,M21,10:1 통과,0.2081040811510172,M22,6100000.0,35.0,4.0,3,4,1,2,2,2,3,3.0,3.0,2.5,False
보수-500,M01+M17,M01,M17,False,1,통과,통과,불합격,1244.2869944501758,M17,4:1 통과,4.242640687119286,M01,불합격,2945.5205474562576,M17,측정 불가,,M01,10:1 통과,1.5085091978506462,M01,10:1 통과,4.534313619501853,M01,10:1 통과,0.7542545989253231,M01,10:1 통과,1.5190786681406594,M01,750000.0,61.0,1.5,1,3,4,3,1,2,3,3.0,3.0,2.45,False
보수-500,M11+M21,M11,M21,True,2,탈락,통과,불합격,8.057994013957837,M11,4:1 통과,4.995139432053515,M11,4:1 통과,7.932929580947854,M11,4:1 통과,6.041503306054625,M11,10:1 통과,0.7389124686960897,M21,4:1 통과,17.45470328211473,M21,10:1 통과,0.36945623434804487,M21,10:1 통과,0.4095621800090167,M11,9100000.0,8.0,9.0,2,4,1,1,4,2,5,3.0,3.0,2.45,False
보수-500,M01+M04,M01,M04,False,1,통과,통과,측정 불가,,M01,4:1 통과,4.242640687119286,M01,측정 불가,,M01,측정 불가,,M01,10:1 통과,1.5085091978506462,M01,10:1 통과,4.534313619501853,M01,10:1 통과,0.7542545989253231,M01,10:1 통과,1.5190786681406594,M01,1150000.0,80.0,1.5,1,3,3,3,1,4,1,3.0,3.0,2.4,False
보수-500,M03+M21,M03,M21,False,1,통과,통과,측정 불가,,M03,측정 불가,,M03,불합격,14.436156283413176,M21,불합격,14.57460852994895,M21,10:1 통과,0.7389124686960897,M21,4:1 통과,17.45470328211473,M21,10:1 통과,0.36945623434804487,M21,10:1 통과,0.4865487851759616,M21,4350000.0,45.0,4.0,1,3,2,2,2,4,5,3.0,3.0,2.4,False
보수-500,M03+M22,M03,M22,False,1,통과,조건부,측정 불가,,M03,측정 불가,,M03,10:1 통과,2.558535835590849,M22,10:1 통과,2.5827414676991123,M22,10:1 통과,4.020253523355154,M22,불합격,40.63249930782009,M22,10:1 통과,2.010126761677577,M22,10:1 통과,0.2081040811510172,M22,1850000.0,70.0,2.0,1,3,3,3,1,2,5,3.0,3.0,2.4,False
보수-500,M04+M12,M04,M12,False,1,통과,통과,불합격,28.808825045889456,M12,불합격,5.656854249492381,M04,불합격,26.6286127898766,M12,불합격,12.788885856695728,M12,10:1 통과,2.0063897926375125,M04,10:1 통과,5.878775382679628,M04,10:1 통과,1.0031948963187562,M04,10:1 통과,2.0143485299222674,M04,2100000.0,40.0,1.5,1,3,3,3,2,2,3,3.0,3.0,2.4,False
보수-500,M17+M22,M17,M22,False,1,통과,조건부,불합격,1244.2869944501758,M17,불합격,948.9668615221882,M17,10:1 통과,2.558535835590849,M22,10:1 통과,2.5827414676991123,M22,10:1 통과,4.020253523355154,M22,불합격,40.63249930782009,M22,10:1 통과,2.010126761677577,M22,10:1 통과,0.2081040811510172,M22,2300000.0,31.0,1.5,1,3,3,3,2,2,3,3.0,3.0,2.4,False
보수-500,M20+M22,M20,M22,False,1,통과,조건부,측정 불가,,M20,측정 불가,,M20,10:1 통과,2.558535835590849,M22,10:1 통과,2.5827414676991123,M22,10:1 통과,3.6422495861400956,M20,불합격,40.233402374975284,M20,10:1 통과,1.8211247930700478,M20,10:1 통과,0.2081040811510172,M22,2450000.0,35.0,2.0,1,3,3,3,2,2,3,3.0,3.0,2.4,False
보수-500,M03+M12,M03,M12,False,0,통과,통과,불합격,28.808825045889456,M12,불합격,17.966586831885717,M12,불합격,26.6286127898766,M12,불합격,12.788885856695728,M12,10:1 통과,3.6166405477475023,M12,불합격,43.20493798938573,M12,10:1 통과,1.8083202738737512,M12,10:1 통과,6.422533571616195,M12,1250000.0,60.0,2.0,1,2,3,3,2,2,5,3.0,3.0,2.35,False
보수-500,M03+M17,M03,M17,False,0,통과,통과,불합격,1244.2869944501758,M17,불합격,948.9668615221882,M17,불합격,2945.5205474562576,M17,측정 불가,,M03,불합격,2007.8124396832222,M17,불합격,134.28576494426602,M17,불합격,1003.9062198416111,M17,불합격,231.08190843233976,M17,550000.0,41.0,1.5,1,1,4,3,2,2,5,3.0,3.0,2.35,False
보수-500,M04+M11,M04,M11,True,2,탈락,통과,불합격,8.057994013957837,M11,4:1 통과,4.995139432053515,M11,4:1 통과,7.932929580947854,M11,4:1 통과,6.041503306054625,M11,10:1 통과,2.0063897926375125,M04,10:1 통과,5.878775382679628,M04,10:1 통과,1.0031948963187562,M04,10:1 통과,0.4095621800090167,M11,5700000.0,23.0,6.5,2,4,1,1,3,2,5,3.0,3.0,2.35,False
보수-500,M12+M17,M12,M17,False,0,통과,통과,불합격,28.808825045889456,M12,불합격,17.966586831885717,M12,불합격,26.6286127898766,M12,불합격,12.788885856695728,M12,10:1 통과,3.6166405477475023,M12,불합격,43.20493798938573,M12,10:1 통과,1.8083202738737512,M12,10:1 통과,6.422533571616195,M12,1700000.0,21.0,1.5,1,2,3,3,3,2,3,3.0,3.0,2.35,False
보수-500,M01+M12,M01,M12,False,1,통과,통과,불합격,28.808825045889456,M12,4:1 통과,4.242640687119286,M01,불합격,26.6286127898766,M12,불합격,12.788885856695728,M12,10:1 통과,1.5085091978506462,M01,10:1 통과,4.534313619501853,M01,10:1 통과,0.7542545989253231,M01,10:1 통과,1.5190786681406594,M01,1450000.0,80.0,2.0,1,3,3,3,1,2,3,3.0,3.0,2.3,False
보수-500,M07+M20,M07,M20,False,1,통과,조건부,불합격,5.6352628296588385,M07,4:1 통과,4.578590235077419,M07,10:1 통과,3.9501069907828623,M20,10:1 통과,3.985377860391711,M20,10:1 통과,3.6422495861400956,M20,불합격,40.233402374975284,M20,10:1 통과,1.8211247930700478,M20,10:1 통과,0.23376003632505993,M20,3150000.0,30.0,3.0,1,3,2,2,3,3,3,3.0,3.0,2.3,False
보수-500,M17+M21,M17,M21,False,1,통과,통과,불합격,1244.2869944501758,M17,불합격,948.9668615221882,M17,불합격,14.436156283413176,M21,불합격,14.57460852994895,M21,10:1 통과,0.7389124686960897,M21,4:1 통과,17.45470328211473,M21,10:1 통과,0.36945623434804487,M21,10:1 통과,0.4865487851759616,M21,4800000.0,6.0,3.5,1,3,2,2,4,2,3,3.0,3.0,2.3,False
보수-500,M04+M21,M04,M21,False,1,탈락,통과,측정 불가,,M04,불합격,5.656854249492381,M04,불합격,14.436156283413176,M21,불합격,14.57460852994895,M21,10:1 통과,0.7389124686960897,M21,10:1 통과,5.878775382679628,M04,10:1 통과,0.36945623434804487,M21,10:1 통과,0.4865487851759616,M21,5200000.0,25.0,3.5,1,3,1,2,3,4,3,3.0,3.0,2.25,False
보수-500,M05+M20,M05,M20,False,1,통과,조건부,불합격,17.398245840472992,M05,불합격,15.566890755773073,M05,10:1 통과,3.9501069907828623,M20,10:1 통과,3.985377860391711,M20,10:1 통과,3.6422495861400956,M20,불합격,40.233402374975284,M20,10:1 통과,1.8211247930700478,M20,10:1 통과,0.23376003632505993,M20,3050000.0,7.0,9.0,1,3,2,1,4,2,5,3.0,3.0,2.25,False
보수-500,M12+M22,M12,M22,False,1,통과,조건부,불합격,28.808825045889456,M12,불합격,17.966586831885717,M12,10:1 통과,2.558535835590849,M22,10:1 통과,2.5827414676991123,M22,10:1 통과,3.6166405477475023,M12,불합격,40.63249930782009,M22,10:1 통과,1.8083202738737512,M12,10:1 통과,0.2081040811510172,M22,3000000.0,50.0,2.0,1,3,2,3,2,2,3,3.0,3.0,2.25,False
보수-500,M01+M21,M01,M21,False,1,통과,통과,측정 불가,,M01,4:1 통과,4.242640687119286,M01,불합격,14.436156283413176,M21,불합격,14.57460852994895,M21,10:1 통과,0.7389124686960897,M21,10:1 통과,4.534313619501853,M01,10:1 통과,0.36945623434804487,M21,10:1 통과,0.4865487851759616,M21,4550000.0,65.0,4.0,1,3,2,2,1,4,3,3.0,3.0,2.2,False
보수-500,M04+M07,M04,M07,False,1,통과,조건부,불합격,5.6352628296588385,M07,4:1 통과,4.578590235077419,M07,불합격,35.204768861576305,M07,불합격,34.902138110256104,M07,10:1 통과,2.0063897926375125,M04,10:1 통과,5.878775382679628,M04,10:1 통과,1.0031948963187562,M04,10:1 통과,0.8147726141131012,M07,3400000.0,45.0,2.5,1,3,2,2,2,3,3,3.0,3.0,2.2,False
보수-500,M05+M11,M05,M11,False,1,탈락,조건부,불합격,8.057994013957837,M11,4:1 통과,4.995139432053515,M11,4:1 통과,7.932929580947854,M11,4:1 통과,6.041503306054625,M11,10:1 통과,3.635847451560224,M11,불합격,46.787462708151494,M11,10:1 통과,1.817923725780112,M11,10:1 통과,0.4095621800090167,M11,7200000.0,5.0,14.0,1,3,1,1,5,2,5,3.0,3.0,2.2,False
보수-500,M05+M17,M05,M17,False,0,통과,조건부,불합격,17.398245840472992,M05,불합격,15.566890755773073,M05,불합격,16.184316101057668,M05,불합격,10.350304586452884,M05,10:1 통과,4.806535761309676,M05,불합격,51.63977794943223,M05,10:1 통과,2.403267880654838,M05,10:1 통과,6.997450619704715,M05,2900000.0,3.0,8.5,1,2,2,1,5,2,5,3.0,3.0,2.2,False
보수-500,M11+M17,M11,M17,False,1,탈락,통과,불합격,8.057994013957837,M11,4:1 통과,4.995139432053515,M11,4:1 통과,7.932929580947854,M11,4:1 통과,6.041503306054625,M11,10:1 통과,3.635847451560224,M11,불합격,46.787462708151494,M11,10:1 통과,1.817923725780112,M11,10:1 통과,0.4095621800090167,M11,5300000.0,4.0,6.5,1,3,1,1,5,2,5,3.0,3.0,2.2,False
보수-500,M19+M20,M19,M20,False,1,통과,조건부,불합격,48.71231056649089,M19,불합격,37.24900598840512,M19,10:1 통과,3.9501069907828623,M20,10:1 통과,3.985377860391711,M20,10:1 통과,3.104378722028184,M19,불합격,40.233402374975284,M20,10:1 통과,1.552189361014092,M19,10:1 통과,0.23376003632505993,M20,4830000.0,15.0,4.0,1,3,2,2,4,1,3,3.0,3.0,2.2,False
보수-500,M04+M05,M04,M05,False,1,통과,조건부,불합격,17.398245840472992,M05,불합격,5.656854249492381,M04,불합격,16.184316101057668,M05,불합격,10.350304586452884,M05,10:1 통과,2.0063897926375125,M04,10:1 통과,5.878775382679628,M04,10:1 통과,1.0031948963187562,M04,10:1 통과,2.0143485299222674,M04,3300000.0,22.0,8.5,1,3,2,1,3,2,5,3.0,3.0,2.15,False
보수-500,M01+M07,M01,M07,False,1,통과,조건부,불합격,5.6352628296588385,M07,4:1 통과,4.242640687119286,M01,불합격,35.204768861576305,M07,불합격,34.902138110256104,M07,10:1 통과,1.5085091978506462,M01,10:1 통과,4.534313619501853,M01,10:1 통과,0.7542545989253231,M01,10:1 통과,0.8147726141131012,M07,2750000.0,85.0,3.0,1,3,2,2,1,3,3,3.0,3.0,2.1,False
보수-500,M05+M21,M05,M21,False,1,탈락,조건부,불합격,17.398245840472992,M05,불합격,15.566890755773073,M05,불합격,14.436156283413176,M21,불합격,10.350304586452884,M05,10:1 통과,0.7389124686960897,M21,4:1 통과,17.45470328211473,M21,10:1 통과,0.36945623434804487,M21,10:1 통과,0.4865487851759616,M21,6700000.0,7.0,11.0,1,3,1,1,4,2,5,3.0,3.0,2.1,False
보수-500,M07+M22,M07,M22,False,1,통과,조건부,불합격,5.6352628296588385,M07,4:1 통과,4.578590235077419,M07,10:1 통과,2.558535835590849,M22,10:1 통과,2.5827414676991123,M22,10:1 통과,4.020253523355154,M22,불합격,40.63249930782009,M22,10:1 통과,2.010126761677577,M22,10:1 통과,0.2081040811510172,M22,4300000.0,55.0,3.0,1,3,2,2,2,2,3,3.0,3.0,2.1,False
보수-500,M11+M20,M11,M20,False,1,탈락,통과,불합격,8.057994013957837,M11,4:1 통과,4.995139432053515,M11,10:1 통과,3.9501069907828623,M20,10:1 통과,3.985377860391711,M20,10:1 통과,3.635847451560224,M11,불합격,40.233402374975284,M20,10:1 통과,1.817923725780112,M11,10:1 통과,0.23376003632505993,M20,5450000.0,8.0,7.0,1,3,1,1,4,2,5,3.0,3.0,2.1,False
보수-500,M01+M18,M01,M18,False,1,통과,조건부,불합격,9.171703895587186,M18,4:1 통과,4.242640687119286,M01,불합격,18.37209293543502,M18,불합격,17.31042023526141,M18,10:1 통과,1.5085091978506462,M01,10:1 통과,4.534313619501853,M01,10:1 통과,0.7542545989253231,M01,10:1 통과,1.361200741774054,M18,3150000.0,240.0,5.0,1,3,2,1,1,3,5,3.0,3.0,2.05,False
보수-500,M03+M05,M03,M05,False,0,통과,조건부,불합격,17.398245840472992,M05,불합격,15.566890755773073,M05,불합격,16.184316101057668,M05,불합격,10.350304586452884,M05,10:1 통과,4.806535761309676,M05,불합격,51.63977794943223,M05,10:1 통과,2.403267880654838,M05,10:1 통과,6.997450619704715,M05,2450000.0,42.0,9.0,1,2,3,1,2,2,5,3.0,3.0,2.05,False
보수-500,M03+M07,M03,M07,False,0,통과,조건부,불합격,5.6352628296588385,M07,4:1 통과,4.578590235077419,M07,불합격,35.204768861576305,M07,불합격,34.902138110256104,M07,10:1 통과,5.093525025973756,M07,불합격,51.63977794943223,M07,10:1 통과,2.546762512986878,M07,10:1 통과,0.8147726141131012,M07,2550000.0,65.0,3.0,1,2,2,2,1,3,5,3.0,3.0,2.05,False
보수-500,M03+M11,M03,M11,False,1,통과,통과,불합격,8.057994013957837,M11,4:1 통과,4.995139432053515,M11,4:1 통과,7.932929580947854,M11,4:1 통과,6.041503306054625,M11,10:1 통과,3.635847451560224,M11,불합격,46.787462708151494,M11,10:1 통과,1.817923725780112,M11,10:1 통과,0.4095621800090167,M11,4850000.0,43.0,7.0,1,3,2,1,2,2,5,3.0,3.0,2.05,False
보수-500,M04+M18,M04,M18,False,1,통과,조건부,불합격,9.171703895587186,M18,불합격,5.236237186198914,M18,불합격,18.37209293543502,M18,불합격,17.31042023526141,M18,10:1 통과,2.0063897926375125,M04,10:1 통과,5.878775382679628,M04,10:1 통과,1.0031948963187562,M04,10:1 통과,1.361200741774054,M18,3800000.0,200.0,4.5,1,3,2,1,1,3,5,3.0,3.0,2.05,False
보수-500,M05+M22,M05,M22,False,1,통과,조건부,불합격,17.398245840472992,M05,불합격,15.566890755773073,M05,10:1 통과,2.558535835590849,M22,10:1 통과,2.5827414676991123,M22,10:1 통과,4.020253523355154,M22,불합격,40.63249930782009,M22,10:1 통과,2.010126761677577,M22,10:1 통과,0.2081040811510172,M22,4200000.0,32.0,9.0,1,3,2,1,2,2,5,3.0,3.0,2.05,False
보수-500,M07+M17,M07,M17,False,0,통과,조건부,불합격,5.6352628296588385,M07,4:1 통과,4.578590235077419,M07,불합격,35.204768861576305,M07,불합격,34.902138110256104,M07,10:1 통과,5.093525025973756,M07,불합격,51.63977794943223,M07,10:1 통과,2.546762512986878,M07,10:1 통과,0.8147726141131012,M07,3000000.0,26.0,2.5,1,2,2,2,3,2,3,3.0,3.0,2.05,False
보수-500,M12+M21,M12,M21,False,1,탈락,통과,불합격,28.808825045889456,M12,불합격,17.966586831885717,M12,불합격,14.436156283413176,M21,불합격,12.788885856695728,M12,10:1 통과,0.7389124686960897,M21,4:1 통과,17.45470328211473,M21,10:1 통과,0.36945623434804487,M21,10:1 통과,0.4865487851759616,M21,5500000.0,25.0,4.0,1,3,1,2,3,2,3,3.0,3.0,2.05,False
보수-500,M17+M19,M17,M19,False,0,통과,조건부,불합격,48.71231056649089,M19,불합격,37.24900598840512,M19,불합격,26.136554610388018,M19,불합격,16.75246427308575,M19,10:1 통과,3.104378722028184,M19,불합격,40.995934757810645,M19,10:1 통과,1.552189361014092,M19,10:1 통과,1.1393706804967945,M19,4680000.0,11.0,3.5,1,2,2,2,4,1,3,3.0,3.0,2.05,False
보수-500,M18+M20,M18,M20,False,1,통과,조건부,불합격,9.171703895587186,M18,불합격,5.236237186198914,M18,10:1 통과,3.9501069907828623,M20,10:1 통과,3.985377860391711,M20,10:1 통과,3.6422495861400956,M20,불합격,40.233402374975284,M20,10:1 통과,1.8211247930700478,M20,10:1 통과,0.23376003632505993,M20,3550000.0,185.0,5.0,1,3,2,1,1,3,5,3.0,3.0,2.05,False
보수-500,M01+M13,M01,M13,False,1,통과,통과,불합격,35.81107888758342,M13,4:1 통과,4.242640687119286,M01,불합격,31.14172517866062,M13,불합격,17.427678400852514,M13,10:1 통과,1.5085091978506462,M01,10:1 통과,4.534313619501853,M01,10:1 통과,0.7542545989253231,M01,10:1 통과,1.5190786681406594,M01,4150000.0,150.0,4.0,1,3,2,2,1,1,5,3.0,3.0,2.0,False
보수-500,M04+M13,M04,M13,False,1,통과,통과,불합격,35.81107888758342,M13,불합격,5.656854249492381,M04,불합격,31.14172517866062,M13,불합격,17.427678400852514,M13,10:1 통과,2.0063897926375125,M04,10:1 통과,5.878775382679628,M04,10:1 통과,1.0031948963187562,M04,10:1 통과,2.0143485299222674,M04,4800000.0,110.0,3.5,1,3,2,2,1,1,5,3.0,3.0,2.0,False
보수-500,M05+M07,M05,M07,False,0,통과,조건부,불합격,5.6352628296588385,M07,4:1 통과,4.578590235077419,M07,불합격,16.184316101057668,M05,불합격,10.350304586452884,M05,10:1 통과,4.806535761309676,M05,불합격,51.63977794943223,M05,10:1 통과,2.403267880654838,M05,10:1 통과,0.8147726141131012,M07,4900000.0,27.0,10.0,1,2,2,1,3,2,5,3.0,3.0,2.0,False
보수-500,M05+M12,M05,M12,False,0,통과,조건부,불합격,17.398245840472992,M05,불합격,15.566890755773073,M05,불합격,16.184316101057668,M05,불합격,10.350304586452884,M05,10:1 통과,3.6166405477475023,M12,불합격,43.20493798938573,M12,10:1 통과,1.8083202738737512,M12,10:1 통과,6.422533571616195,M12,3600000.0,22.0,9.0,1,2,2,1,3,2,5,3.0,3.0,2.0,False
보수-500,M07+M11,M07,M11,False,1,탈락,조건부,불합격,5.6352628296588385,M07,4:1 통과,4.578590235077419,M07,4:1 통과,7.932929580947854,M11,4:1 통과,6.041503306054625,M11,10:1 통과,3.635847451560224,M11,불합격,46.787462708151494,M11,10:1 통과,1.817923725780112,M11,10:1 통과,0.4095621800090167,M11,7300000.0,28.0,8.0,1,3,1,1,3,2,5,3.0,3.0,2.0,False
보수-500,M07+M21,M07,M21,False,1,탈락,조건부,불합격,5.6352628296588385,M07,4:1 통과,4.578590235077419,M07,불합격,14.436156283413176,M21,불합격,14.57460852994895,M21,10:1 통과,0.7389124686960897,M21,4:1 통과,17.45470328211473,M21,10:1 통과,0.36945623434804487,M21,10:1 통과,0.4865487851759616,M21,6800000.0,30.0,5.0,1,3,1,1,3,3,3,3.0,3.0,2.0,False
보수-500,M11+M12,M11,M12,False,1,탈락,통과,불합격,8.057994013957837,M11,4:1 통과,4.995139432053515,M11,4:1 통과,7.932929580947854,M11,4:1 통과,6.041503306054625,M11,10:1 통과,3.6166405477475023,M12,불합격,43.20493798938573,M12,10:1 통과,1.8083202738737512,M12,10:1 통과,0.4095621800090167,M11,6000000.0,23.0,7.0,1,3,1,1,3,2,5,3.0,3.0,2.0,False
보수-500,M11+M19,M11,M19,False,1,탈락,조건부,불합격,8.057994013957837,M11,4:1 통과,4.995139432053515,M11,4:1 통과,7.932929580947854,M11,4:1 통과,6.041503306054625,M11,10:1 통과,3.104378722028184,M19,불합격,40.995934757810645,M19,10:1 통과,1.552189361014092,M19,10:1 통과,0.4095621800090167,M11,8980000.0,13.0,9.0,1,3,1,1,4,1,5,3.0,3.0,2.0,False
보수-500,M13+M20,M13,M20,False,1,통과,통과,불합격,35.81107888758342,M13,불합격,29.441622058285454,M13,10:1 통과,3.9501069907828623,M20,10:1 통과,3.985377860391711,M20,10:1 통과,3.6422495861400956,M20,불합격,40.233402374975284,M20,10:1 통과,1.8211247930700478,M20,10:1 통과,0.23376003632505993,M20,4550000.0,95.0,4.0,1,3,2,2,1,1,5,3.0,3.0,2.0,False
보수-500,M01+M05,M01,M05,False,1,통과,조건부,불합격,17.398245840472992,M05,4:1 통과,4.242640687119286,M01,불합격,16.184316101057668,M05,불합격,10.350304586452884,M05,10:1 통과,1.5085091978506462,M01,10:1 통과,4.534313619501853,M01,10:1 통과,0.7542545989253231,M01,10:1 통과,1.5190786681406594,M01,2650000.0,62.0,9.0,1,3,2,1,1,2,5,3.0,3.0,1.95,False
보수-500,M03+M19,M03,M19,False,0,통과,조건부,불합격,48.71231056649089,M19,불합격,37.24900598840512,M19,불합격,26.136554610388018,M19,불합격,16.75246427308575,M19,10:1 통과,3.104378722028184,M19,불합격,40.995934757810645,M19,10:1 통과,1.552189361014092,M19,10:1 통과,1.1393706804967945,M19,4230000.0,50.0,4.0,1,2,2,2,2,1,5,3.0,3.0,1.95,False
보수-500,M04+M19,M04,M19,False,1,탈락,조건부,불합격,48.71231056649089,M19,불합격,5.656854249492381,M04,불합격,26.136554610388018,M19,불합격,16.75246427308575,M19,10:1 통과,2.0063897926375125,M04,10:1 통과,5.878775382679628,M04,10:1 통과,1.0031948963187562,M04,10:1 통과,1.1393706804967945,M19,5080000.0,30.0,3.5,1,3,1,2,3,1,3,3.0,3.0,1.95,False
보수-500,M07+M12,M07,M12,False,0,통과,조건부,불합격,5.6352628296588385,M07,4:1 통과,4.578590235077419,M07,불합격,26.6286127898766,M12,불합격,12.788885856695728,M12,10:1 통과,3.6166405477475023,M12,불합격,43.20493798938573,M12,10:1 통과,1.8083202738737512,M12,10:1 통과,0.8147726141131012,M07,3700000.0,45.0,3.0,1,2,2,2,2,2,3,3.0,3.0,1.95,False
보수-500,M18+M22,M18,M22,False,1,통과,조건부,불합격,9.171703895587186,M18,불합격,5.236237186198914,M18,10:1 통과,2.558535835590849,M22,10:1 통과,2.5827414676991123,M22,10:1 통과,4.020253523355154,M22,불합격,40.63249930782009,M22,10:1 통과,2.010126761677577,M22,10:1 통과,0.2081040811510172,M22,4700000.0,210.0,5.0,1,3,2,1,1,2,5,3.0,3.0,1.95,False
보수-500,M01+M19,M01,M19,False,1,통과,조건부,불합격,48.71231056649089,M19,4:1 통과,4.242640687119286,M01,불합격,26.136554610388018,M19,불합격,16.75246427308575,M19,10:1 통과,1.5085091978506462,M01,10:1 통과,4.534313619501853,M01,10:1 통과,0.7542545989253231,M01,10:1 통과,1.1393706804967945,M19,4430000.0,70.0,4.0,1,3,2,2,1,1,3,3.0,3.0,1.9,False
보수-500,M03+M18,M03,M18,False,0,통과,조건부,불합격,9.171703895587186,M18,불합격,5.236237186198914,M18,불합격,18.37209293543502,M18,불합격,17.31042023526141,M18,10:1 통과,4.098442777908137,M18,불합격,41.45680482944467,M18,10:1 통과,2.0492213889540687,M18,10:1 통과,1.361200741774054,M18,2950000.0,220.0,5.0,1,2,2,1,1,3,5,3.0,3.0,1.9,False
보수-500,M11+M22,M11,M22,False,1,탈락,조건부,불합격,8.057994013957837,M11,4:1 통과,4.995139432053515,M11,10:1 통과,2.558535835590849,M22,10:1 통과,2.5827414676991123,M22,10:1 통과,3.635847451560224,M11,불합격,40.63249930782009,M22,10:1 통과,1.817923725780112,M11,10:1 통과,0.2081040811510172,M22,6600000.0,33.0,7.0,1,3,1,1,2,2,5,3.0,3.0,1.9,False
보수-500,M18+M21,M18,M21,False,1,탈락,조건부,불합격,9.171703895587186,M18,불합격,5.236237186198914,M18,불합격,14.436156283413176,M21,불합격,14.57460852994895,M21,10:1 통과,0.7389124686960897,M21,4:1 통과,17.45470328211473,M21,10:1 통과,0.36945623434804487,M21,10:1 통과,0.4865487851759616,M21,7200000.0,185.0,7.0,1,3,1,1,1,3,5,3.0,3.0,1.9,False
보수-500,M19+M21,M19,M21,False,1,탈락,조건부,불합격,48.71231056649089,M19,불합격,37.24900598840512,M19,불합격,14.436156283413176,M21,불합격,14.57460852994895,M21,10:1 통과,0.7389124686960897,M21,4:1 통과,17.45470328211473,M21,10:1 통과,0.36945623434804487,M21,10:1 통과,0.4865487851759616,M21,8480000.0,15.0,6.0,1,3,1,1,4,1,3,3.0,3.0,1.9,False
보수-500,M03+M13,M03,M13,False,0,통과,통과,불합격,35.81107888758342,M13,불합격,29.441622058285454,M13,불합격,31.14172517866062,M13,불합격,17.427678400852514,M13,10:1 통과,4.662042511411435,M13,불합격,42.079290234825336,M13,10:1 통과,2.3310212557057177,M13,10:1 통과,5.430073617249536,M13,3950000.0,130.0,4.0,1,2,2,2,1,1,5,3.0,3.0,1.85,False
보수-500,M05+M19,M05,M19,False,0,탈락,조건부,불합격,17.398245840472992,M05,불합격,15.566890755773073,M05,불합격,16.184316101057668,M05,불합격,10.350304586452884,M05,10:1 통과,3.104378722028184,M19,불합격,40.995934757810645,M19,10:1 통과,1.552189361014092,M19,10:1 통과,1.1393706804967945,M19,6580000.0,12.0,11.0,1,2,1,1,4,1,5,3.0,3.0,1.85,False
보수-500,M13+M17,M13,M17,False,0,통과,통과,불합격,35.81107888758342,M13,불합격,29.441622058285454,M13,불합격,31.14172517866062,M13,불합격,17.427678400852514,M13,10:1 통과,4.662042511411435,M13,불합격,42.079290234825336,M13,10:1 통과,2.3310212557057177,M13,10:1 통과,5.430073617249536,M13,4400000.0,91.0,3.5,1,2,2,2,1,1,5,3.0,3.0,1.85,False
보수-500,M13+M22,M13,M22,False,1,탈락,조건부,불합격,35.81107888758342,M13,불합격,29.441622058285454,M13,10:1 통과,2.558535835590849,M22,10:1 통과,2.5827414676991123,M22,10:1 통과,4.020253523355154,M22,불합격,40.63249930782009,M22,10:1 통과,2.010126761677577,M22,10:1 통과,0.2081040811510172,M22,5700000.0,120.0,4.0,1,3,1,2,1,1,5,3.0,3.0,1.85,False
보수-500,M19+M22,M19,M22,False,1,탈락,조건부,불합격,48.71231056649089,M19,불합격,37.24900598840512,M19,10:1 통과,2.558535835590849,M22,10:1 통과,2.5827414676991123,M22,10:1 통과,3.104378722028184,M19,불합격,40.63249930782009,M22,10:1 통과,1.552189361014092,M19,10:1 통과,0.2081040811510172,M22,5980000.0,40.0,4.0,1,3,1,2,2,1,3,3.0,3.0,1.85,False
보수-500,M11+M18,M11,M18,False,1,탈락,조건부,불합격,8.057994013957837,M11,4:1 통과,4.995139432053515,M11,4:1 통과,7.932929580947854,M11,4:1 통과,6.041503306054625,M11,10:1 통과,3.635847451560224,M11,불합격,41.45680482944467,M18,10:1 통과,1.817923725780112,M11,10:1 통과,0.4095621800090167,M11,7700000.0,183.0,10.0,1,3,1,1,1,2,5,3.0,3.0,1.8,False
보수-500,M12+M18,M12,M18,False,0,통과,조건부,불합격,9.171703895587186,M18,불합격,5.236237186198914,M18,불합격,18.37209293543502,M18,불합격,12.788885856695728,M12,10:1 통과,3.6166405477475023,M12,불합격,41.45680482944467,M18,10:1 통과,1.8083202738737512,M12,10:1 통과,1.361200741774054,M18,4100000.0,200.0,5.0,1,2,2,1,1,2,5,3.0,3.0,1.8,False
보수-500,M12+M19,M12,M19,False,0,탈락,조건부,불합격,28.808825045889456,M12,불합격,17.966586831885717,M12,불합격,26.136554610388018,M19,불합격,12.788885856695728,M12,10:1 통과,3.104378722028184,M19,불합격,40.995934757810645,M19,10:1 통과,1.552189361014092,M19,10:1 통과,1.1393706804967945,M19,5380000.0,30.0,4.0,1,2,1,2,3,1,3,3.0,3.0,1.8,False
보수-500,M17+M18,M17,M18,False,0,통과,조건부,불합격,9.171703895587186,M18,불합격,5.236237186198914,M18,불합격,18.37209293543502,M18,불합격,17.31042023526141,M18,10:1 통과,4.098442777908137,M18,불합격,41.45680482944467,M18,10:1 통과,2.0492213889540687,M18,10:1 통과,1.361200741774054,M18,3400000.0,181.0,4.5,1,2,2,1,1,2,5,3.0,3.0,1.8,False
보수-500,M07+M18,M07,M18,False,0,탈락,조건부,불합격,5.6352628296588385,M07,4:1 통과,4.578590235077419,M07,불합격,18.37209293543502,M18,불합격,17.31042023526141,M18,10:1 통과,4.098442777908137,M18,불합격,41.45680482944467,M18,10:1 통과,2.0492213889540687,M18,10:1 통과,0.8147726141131012,M07,5400000.0,205.0,6.0,1,2,1,1,1,3,5,3.0,3.0,1.75,False
보수-500,M11+M13,M11,M13,False,1,탈락,통과,불합격,8.057994013957837,M11,4:1 통과,4.995139432053515,M11,4:1 통과,7.932929580947854,M11,4:1 통과,6.041503306054625,M11,10:1 통과,3.635847451560224,M11,불합격,42.079290234825336,M13,10:1 통과,1.817923725780112,M11,10:1 통과,0.4095621800090167,M11,8700000.0,93.0,9.0,1,3,1,1,1,1,5,3.0,3.0,1.7,False
보수-500,M12+M13,M12,M13,False,0,탈락,통과,불합격,28.808825045889456,M12,불합격,17.966586831885717,M12,불합격,26.6286127898766,M12,불합격,12.788885856695728,M12,10:1 통과,3.6166405477475023,M12,불합격,42.079290234825336,M13,10:1 통과,1.8083202738737512,M12,10:1 통과,5.430073617249536,M13,5100000.0,110.0,4.0,1,2,1,2,1,1,5,3.0,3.0,1.7,False
보수-500,M13+M21,M13,M21,False,1,탈락,통과,불합격,35.81107888758342,M13,불합격,29.441622058285454,M13,불합격,14.436156283413176,M21,불합격,14.57460852994895,M21,10:1 통과,0.7389124686960897,M21,4:1 통과,17.45470328211473,M21,10:1 통과,0.36945623434804487,M21,10:1 통과,0.4865487851759616,M21,8200000.0,95.0,6.0,1,3,1,1,1,1,5,3.0,3.0,1.7,False
보수-500,M05+M18,M05,M18,False,0,탈락,조건부,불합격,9.171703895587186,M18,불합격,5.236237186198914,M18,불합격,16.184316101057668,M05,불합격,10.350304586452884,M05,10:1 통과,4.098442777908137,M18,불합격,41.45680482944467,M18,10:1 통과,2.0492213889540687,M18,10:1 통과,1.361200741774054,M18,5300000.0,182.0,12.0,1,2,1,1,1,2,5,3.0,3.0,1.65,False
보수-500,M05+M13,M05,M13,False,0,탈락,조건부,불합격,17.398245840472992,M05,불합격,15.566890755773073,M05,불합격,16.184316101057668,M05,불합격,10.350304586452884,M05,10:1 통과,4.662042511411435,M13,불합격,42.079290234825336,M13,10:1 통과,2.3310212557057177,M13,10:1 통과,5.430073617249536,M13,6300000.0,92.0,11.0,1,2,1,1,1,1,5,3.0,3.0,1.55,False
보수-500,M07+M13,M07,M13,False,0,탈락,조건부,불합격,5.6352628296588385,M07,4:1 통과,4.578590235077419,M07,불합격,31.14172517866062,M13,불합격,17.427678400852514,M13,10:1 통과,4.662042511411435,M13,불합격,42.079290234825336,M13,10:1 통과,2.3310212557057177,M13,10:1 통과,0.8147726141131012,M07,6400000.0,115.0,5.0,1,2,1,1,1,1,5,3.0,3.0,1.55,False
보수-500,M07+M19,M07,M19,False,0,탈락,조건부,불합격,5.6352628296588385,M07,4:1 통과,4.578590235077419,M07,불합격,26.136554610388018,M19,불합격,16.75246427308575,M19,10:1 통과,3.104378722028184,M19,불합격,40.995934757810645,M19,10:1 통과,1.552189361014092,M19,10:1 통과,0.8147726141131012,M07,6680000.0,35.0,5.0,1,2,1,1,2,1,3,3.0,3.0,1.55,False
보수-500,M13+M18,M13,M18,False,0,탈락,조건부,불합격,9.171703895587186,M18,불합격,5.236237186198914,M18,불합격,18.37209293543502,M18,불합격,17.31042023526141,M18,10:1 통과,4.098442777908137,M18,불합격,41.45680482944467,M18,10:1 통과,2.0492213889540687,M18,10:1 통과,1.361200741774054,M18,6800000.0,270.0,7.0,1,2,1,1,1,1,5,3.0,3.0,1.55,False
보수-500,M13+M19,M13,M19,False,0,탈락,조건부,불합격,35.81107888758342,M13,불합격,29.441622058285454,M13,불합격,26.136554610388018,M19,불합격,16.75246427308575,M19,10:1 통과,3.104378722028184,M19,불합격,40.995934757810645,M19,10:1 통과,1.552189361014092,M19,10:1 통과,1.1393706804967945,M19,8080000.0,100.0,6.0,1,2,1,1,1,1,5,3.0,3.0,1.55,False
보수-500,M18+M19,M18,M19,False,0,탈락,조건부,불합격,9.171703895587186,M18,불합격,5.236237186198914,M18,불합격,18.37209293543502,M18,불합격,16.75246427308575,M19,10:1 통과,3.104378722028184,M19,불합격,40.995934757810645,M19,10:1 통과,1.552189361014092,M19,10:1 통과,1.1393706804967945,M19,7080000.0,190.0,7.0,1,2,1,1,1,1,5,3.0,3.0,1.55,False
